customer_id,credit_score,risk_band
CUST0002749,828,Medium
CUST0001983,809,Low
CUST0002209,805,Medium
CUST0001357,595,Low
CUST0000023,602,Low
CUST0002273,761,Low
CUST0002565,795,High
CUST0000788,484,High
CUST0001428,782,High
CUST0000110,837,Medium
CUST0001436,398,High
CUST0000456,772,Medium
CUST0001850,792,Medium
CUST0000996,770,High
CUST0001425,604,Medium
CUST0002019,497,High
CUST0000003,593,Low
CUST0000789,751,High
CUST0002441,300,Low
CUST0000447,628,Low
CUST0000372,716,Low
CUST0000952,662,Medium
CUST0000391,726,High
CUST0001293,423,High
CUST0002263,775,High
CUST0000436,782,High
CUST0001106,571,Medium
CUST0001588,503,Medium
CUST0001283,418,High
CUST0001497,638,High
CUST0000024,794,High
CUST0001807,482,Low
CUST0001849,702,Low
CUST0002189,567,Medium
CUST0002000,518,Low
CUST0001574,655,High
CUST0002286,436,Medium
CUST0002567,619,Medium
CUST0002615,425,Low
CUST0002544,558,Low
CUST0001095,437,Medium
CUST0001173,541,High
CUST0001367,656,High
CUST0000481,664,Low
CUST0001280,702,Medium
CUST0002094,359,Low
CUST0002225,672,High
CUST0001546,833,Low
CUST0002255,847,Low
CUST0001552,734,Low
CUST0001869,328,High
CUST0000376,719,Medium
CUST0000586,831,Medium
CUST0002001,762,Low
CUST0002109,518,Medium
CUST0000913,502,Medium
CUST0001398,574,Medium
CUST0002264,828,Low
CUST0002913,651,Medium
CUST0000354,355,Low
CUST0000899,578,Low
CUST0000590,762,High
CUST0002859,314,Medium
CUST0001751,519,High
CUST0002430,647,Low
CUST0001160,308,High
CUST0001850,744,Low
CUST0001946,405,High
CUST0000089,643,High
CUST0001623,700,Low
CUST0001313,776,Medium
CUST0000798,364,High
CUST0001512,689,Medium
CUST0002683,530,Medium
CUST0000747,461,Low
CUST0002862,823,High
CUST0002904,619,Medium
CUST0000166,551,Medium
CUST0001031,638,Low
CUST0001705,380,Low
CUST0001102,346,High
CUST0000118,449,Low
CUST0001786,635,High
CUST0002598,486,Low
CUST0001166,832,Low
CUST0002371,766,High
CUST0000948,582,High
CUST0001203,693,Low
CUST0002257,479,High
CUST0000557,832,Medium
CUST0001450,643,High
CUST0000513,616,High
CUST0001889,809,High
CUST0000404,728,Low
CUST0002739,576,Low
CUST0001759,599,Low
CUST0002935,577,Medium
CUST0002540,362,Low
CUST0000016,539,Medium
CUST0000041,842,Medium
CUST0001803,554,High
CUST0001691,430,Medium
CUST0001086,796,High
CUST0001503,768,Medium
CUST0000306,832,Low
CUST0000892,575,High
CUST0000745,371,High
CUST0002100,673,Medium
CUST0000477,371,Medium
CUST0002938,368,High
CUST0000380,745,Low
CUST0001962,321,Medium
CUST0000086,663,Medium
CUST0002603,565,Medium
CUST0000313,444,High
CUST0000482,842,High
CUST0002251,359,High
CUST0002314,682,High
CUST0001943,554,High
CUST0000180,777,Low
CUST0000600,496,High
CUST0000164,622,Low
CUST0001568,618,High
CUST0002717,840,Medium
CUST0000001,635,Medium
CUST0001306,505,Medium
CUST0001076,484,High
CUST0002696,621,Medium
CUST0002643,381,Medium
CUST0002869,833,Medium
CUST0000922,486,High
CUST0000961,313,Medium
CUST0000112,449,Medium
CUST0001695,540,High
CUST0001538,801,Low
CUST0001103,550,High
CUST0002176,706,High
CUST0001461,318,High
CUST0000682,548,Medium
CUST0002459,514,High
CUST0001357,770,Medium
CUST0002166,386,Low
CUST0001585,311,High
CUST0000754,686,High
CUST0001900,664,Low
CUST0001922,368,Medium
CUST0000258,312,Medium
CUST0000684,638,High
CUST0000070,478,Medium
CUST0000434,328,High
CUST0001737,497,High
CUST0000697,614,Medium
CUST0002577,420,Low
CUST0002600,376,Medium
CUST0002626,580,High
CUST0002871,588,Medium
CUST0002266,444,Medium
CUST0002570,848,High
CUST0002884,691,Low
CUST0000042,313,High
CUST0002508,326,Medium
CUST0002779,709,High
CUST0001840,545,Medium
CUST0001485,526,Low
CUST0000167,358,High
CUST0001385,390,Medium
CUST0002923,794,High
CUST0002531,733,High
CUST0001755,303,Low
CUST0002574,588,Low
CUST0001278,451,Low
CUST0001559,356,Low
CUST0001965,713,High
CUST0001390,789,Medium
CUST0002036,662,High
CUST0000453,697,Low
CUST0002563,814,High
CUST0000291,691,Low
CUST0002618,780,High
CUST0001847,454,High
CUST0001849,794,Low
CUST0000176,487,Low
CUST0002714,691,Medium
CUST0000366,460,Medium
CUST0001080,626,Medium
CUST0001905,395,High
CUST0001247,822,Medium
CUST0000165,373,Medium
CUST0002196,606,Medium
CUST0001411,831,Medium
CUST0000092,663,Medium
CUST0002557,441,High
CUST0000123,630,Medium
CUST0002859,791,High
CUST0001294,324,High
CUST0002892,379,High
CUST0001114,491,High
CUST0002233,742,High
CUST0000439,360,Medium
CUST0000594,411,High
CUST0001653,767,Medium
CUST0002093,489,High
CUST0000558,535,Medium
CUST0000099,446,High
CUST0001673,813,Low
CUST0001618,612,Medium
CUST0000221,403,Medium
CUST0001244,627,High
CUST0000234,419,Medium
CUST0000020,370,Medium
CUST0000883,324,Medium
CUST0000019,715,Low
CUST0000343,582,High
CUST0001352,506,Low
CUST0002398,781,Low
CUST0002521,469,High
CUST0002720,659,Medium
CUST0002752,341,Low
CUST0002996,660,Medium
CUST0000464,591,Medium
CUST0000233,346,High
CUST0001167,805,Low
CUST0000924,422,Medium
CUST0002014,838,Medium
CUST0002983,633,Medium
CUST0002266,691,Medium
CUST0000262,639,Low
CUST0001332,743,High
CUST0000810,464,Low
CUST0000064,530,High
CUST0002273,463,Low
CUST0002890,648,Low
CUST0001159,580,High
CUST0001919,566,Medium
CUST0001135,606,High
CUST0000176,491,High
CUST0002565,440,Medium
CUST0000673,649,High
CUST0001319,423,Medium
CUST0002279,722,High
CUST0002974,649,Low
CUST0001215,459,High
CUST0001724,318,Low
CUST0002966,746,Medium
CUST0002510,576,Medium
CUST0001482,396,High
CUST0002403,499,High
CUST0002962,371,High
CUST0002636,506,High
CUST0002696,755,Medium
CUST0002898,848,High
CUST0002395,541,Medium
CUST0001125,708,High
CUST0001307,709,High
CUST0002380,583,High
CUST0000888,321,High
CUST0002558,365,High
CUST0002993,621,Medium
CUST0000896,538,Medium
CUST0002171,518,Low
CUST0000270,351,High
CUST0000937,843,Low
CUST0002731,354,Medium
CUST0002724,378,Medium
CUST0002822,444,Medium
CUST0001037,399,High
CUST0002845,520,High
CUST0000556,337,Low
CUST0002972,534,High
CUST0000326,744,Low
CUST0000405,689,High
CUST0001532,728,Low
CUST0000979,403,Low
CUST0000998,500,Low
CUST0000115,729,Low
CUST0001771,362,High
CUST0001104,409,Medium
CUST0001379,344,Low
CUST0001701,334,High
CUST0002519,463,Medium
CUST0001511,761,Low
CUST0000898,564,Medium
CUST0002482,624,Medium
CUST0000855,738,Medium
CUST0000513,741,High
CUST0000768,824,Medium
CUST0000316,416,High
CUST0002266,356,High
CUST0000120,354,Medium
CUST0001519,601,Low
CUST0002982,596,Medium
CUST0001406,459,Low
CUST0000364,416,Low
CUST0002150,520,Medium
CUST0002884,554,Low
CUST0001121,843,Low
CUST0002535,747,Low
CUST0002208,836,Medium
CUST0001806,809,Medium
CUST0000557,808,High
CUST0002016,478,Medium
CUST0000075,397,High
CUST0002015,652,High
CUST0001903,387,High
CUST0002657,715,Medium
CUST0000923,304,High
CUST0001470,639,Low
CUST0000830,843,Low
CUST0000395,569,Low
CUST0001630,414,Medium
CUST0000603,682,Low
CUST0002528,725,Low
CUST0000141,501,Low
CUST0001066,718,Medium
CUST0001367,731,High
CUST0001043,672,Medium
CUST0000200,670,High
CUST0000970,797,Medium
CUST0000966,802,Medium
CUST0002388,313,Low
CUST0000726,677,Medium
CUST0000788,581,Low
CUST0001129,595,Medium
CUST0002978,365,High
CUST0000299,846,High
CUST0002584,577,Medium
CUST0000702,796,Low
CUST0001244,821,Low
CUST0001240,595,High
CUST0002498,746,Medium
CUST0001801,571,Medium
CUST0000483,426,High
CUST0002811,474,High
CUST0002371,468,High
CUST0001598,393,Medium
CUST0001949,650,Medium
CUST0000914,675,Medium
CUST0002876,308,Medium
CUST0002388,763,High
CUST0000627,771,High
CUST0002950,715,Medium
CUST0000576,787,Low
CUST0002214,605,High
CUST0001397,744,Low
CUST0002166,572,High
CUST0002861,404,Low
CUST0002722,782,Medium
CUST0001748,601,Medium
CUST0002309,836,High
CUST0001126,320,Low
CUST0000438,609,High
CUST0001493,566,Low
CUST0002347,511,Low
CUST0002029,565,High
CUST0000649,694,Medium
CUST0002367,673,High
CUST0002425,792,Low
CUST0000678,461,High
CUST0001162,591,Medium
CUST0001975,658,Medium
CUST0002889,486,Low
CUST0002324,644,High
CUST0001879,534,High
CUST0000205,553,Low
CUST0000540,588,Low
CUST0002193,671,High
CUST0000673,356,Low
CUST0001539,339,High
CUST0000044,491,Medium
CUST0002988,790,Low
CUST0000241,691,Low
CUST0002915,595,Medium
CUST0000245,717,High
CUST0001814,530,Low
CUST0001994,728,Medium
CUST0000976,682,High
CUST0001524,825,Low
CUST0000455,600,High
CUST0002340,697,Medium
CUST0002948,464,Medium
CUST0002360,618,Low
CUST0002290,807,Low
CUST0002557,329,Low
CUST0001428,705,High
CUST0000936,456,Medium
CUST0000747,729,Low
CUST0001708,560,High
CUST0002749,526,Low
CUST0002843,622,Medium
CUST0002224,436,Medium
CUST0002925,727,Low
CUST0002802,325,High
CUST0002629,847,High
CUST0002935,518,High
CUST0001058,385,Low
CUST0002697,707,Medium
CUST0000659,491,Low
CUST0001812,663,Low
CUST0000517,310,High
CUST0001808,692,High
CUST0001460,586,Medium
CUST0000383,568,Low
CUST0001417,538,Low
CUST0001051,440,Low
CUST0002259,381,High
CUST0002604,815,Low
CUST0002079,322,Medium
CUST0000350,386,Low
CUST0002622,609,Low
CUST0002184,760,Low
CUST0001951,668,High
CUST0000940,768,High
CUST0001568,737,High
CUST0002145,580,High
CUST0002556,313,High
CUST0002561,795,High
CUST0001706,373,Low
CUST0001245,522,Low
CUST0002055,337,Low
CUST0002821,447,Low
CUST0001872,554,Low
CUST0001954,743,High
CUST0000934,500,Medium
CUST0001191,835,Low
CUST0002911,313,High
CUST0000188,650,High
CUST0001350,709,High
CUST0002124,805,Medium
CUST0002061,492,Medium
CUST0001656,440,Low
CUST0002761,411,Low
CUST0002291,845,Medium
CUST0001167,763,Medium
CUST0001537,531,Low
CUST0002474,601,High
CUST0001726,759,High
CUST0002724,569,High
CUST0001141,826,Low
CUST0001404,814,Medium
CUST0000603,715,High
CUST0000401,632,High
CUST0001013,690,High
CUST0002096,341,Low
CUST0002946,721,Medium
CUST0000472,519,Low
CUST0000983,536,Medium
CUST0000796,368,Medium
CUST0000158,832,High
CUST0001962,752,Medium
CUST0000897,604,Medium
CUST0000194,434,Low
CUST0002236,325,High
CUST0001121,714,Low
CUST0001552,341,Low
CUST0001363,626,Medium
CUST0000517,648,Medium
CUST0000466,680,Low
CUST0001112,743,High
CUST0000956,363,Low
CUST0002253,357,Low
CUST0002164,549,Medium
CUST0001169,748,Medium
CUST0002911,628,Low
CUST0002058,533,Low
CUST0003000,755,Medium
CUST0000080,330,Low
CUST0000195,377,High
CUST0000428,765,Low
CUST0000246,574,High
CUST0000643,356,Medium
CUST0000611,802,Low
CUST0001507,347,Low
CUST0002443,839,Low
CUST0000330,650,Low
CUST0002758,810,High
CUST0002368,473,High
CUST0001529,452,Low
CUST0000433,748,High
CUST0000550,470,Low
CUST0002204,402,Low
CUST0002485,493,Medium
CUST0002637,692,High
CUST0002345,736,Low
CUST0001758,804,Low
CUST0002017,436,Medium
CUST0002611,613,Medium
CUST0001119,848,Medium
CUST0000429,657,Medium
CUST0001155,357,Medium
CUST0001019,367,Medium
CUST0000793,560,High
CUST0001506,471,High
CUST0002968,513,Medium
CUST0001387,661,Low
CUST0001890,638,High
CUST0001135,465,Medium
CUST0002683,604,High
CUST0002412,457,Medium
CUST0000506,671,Medium
CUST0002607,502,High
CUST0002581,699,Low
CUST0002753,825,Medium
CUST0000186,497,High
CUST0000578,765,Medium
CUST0002246,396,Low
CUST0001556,611,Low
CUST0002247,680,High
CUST0001358,816,Medium
CUST0001822,417,Low
CUST0001519,515,Low
CUST0002587,821,High
CUST0000561,335,High
CUST0001360,799,Low
CUST0002471,380,Low
CUST0001610,791,High
CUST0001724,537,Low
CUST0001837,551,Medium
CUST0002001,772,High
CUST0001165,478,High
CUST0002752,324,Medium
CUST0001410,599,High
CUST0000286,843,High
CUST0000132,685,High
CUST0001714,794,Medium
CUST0001961,398,Low
CUST0000652,737,Low
CUST0001194,847,Low
CUST0002169,551,Medium
CUST0002547,305,Medium
CUST0001009,728,High
CUST0002094,773,Medium
CUST0002476,722,High
CUST0000635,665,Low
CUST0002854,817,Low
CUST0002313,661,Medium
CUST0001273,651,High
CUST0001205,741,High
CUST0000239,641,High
CUST0000660,603,High
CUST0001668,338,High
CUST0000618,455,Medium
CUST0002977,323,High
CUST0001844,684,High
CUST0000279,303,High
CUST0002320,662,Medium
CUST0002118,380,Low
CUST0002255,662,Low
CUST0002351,511,Low
CUST0002763,768,Medium
CUST0002671,795,Low
CUST0000569,788,High
CUST0001760,671,Medium
CUST0002519,466,Low
CUST0002860,699,Medium
CUST0002137,424,Low
CUST0001437,815,Low
CUST0002491,611,High
CUST0000293,556,Medium
CUST0002081,767,High
CUST0002477,529,Low
CUST0002866,591,Low
CUST0002043,701,Medium
CUST0001433,421,High
CUST0000302,340,Low
CUST0002348,411,High
CUST0002921,361,Medium
CUST0000169,515,High
CUST0001857,729,Medium
CUST0002042,778,High
CUST0001447,757,Low
CUST0002981,447,High
CUST0002682,397,Low
CUST0001633,371,Medium
CUST0000179,680,Medium
CUST0002777,356,Medium
CUST0000212,496,Medium
CUST0001197,584,Low
CUST0001517,489,Low
CUST0001647,583,Medium
CUST0001981,848,Medium
CUST0001961,848,Low
CUST0002095,677,Low
CUST0002810,817,Low
CUST0001434,588,Medium
CUST0000776,822,Medium
CUST0001955,343,High
CUST0001556,556,Low
CUST0001760,845,High
CUST0001342,418,Medium
CUST0001742,790,Medium
CUST0002600,372,Low
CUST0002882,568,High
CUST0000946,600,Medium
CUST0000567,740,Low
CUST0000650,436,High
CUST0001761,742,High
CUST0000266,573,High
CUST0000518,553,Low
CUST0000987,406,High
CUST0000512,599,Medium
CUST0000099,817,Low
CUST0002965,786,High
CUST0002190,383,Medium
CUST0001429,681,High
CUST0002884,586,High
CUST0000882,845,High
CUST0002070,653,Low
CUST0002409,637,High
CUST0001243,307,High
CUST0001195,489,Low
CUST0000061,773,High
CUST0001144,429,Medium
CUST0001531,653,High
CUST0001483,559,High
CUST0001183,472,Low
CUST0002448,522,Low
CUST0000208,485,Low
CUST0002065,383,Medium
CUST0001381,311,Low
CUST0000325,529,Medium
CUST0001696,361,High
CUST0002037,621,Medium
CUST0001298,779,Medium
CUST0001426,307,Medium
CUST0002849,320,High
CUST0001302,387,Low
CUST0000794,321,Medium
CUST0000433,472,Low
CUST0002736,696,Low
CUST0001636,849,High
CUST0000818,848,Low
CUST0000632,407,High
CUST0000154,717,Medium
CUST0000217,459,High
CUST0001534,810,Low
CUST0000956,778,Low
CUST0002488,448,Low
CUST0002017,332,Medium
CUST0002850,833,Low
CUST0002245,321,Low
CUST0000909,690,Medium
CUST0000954,333,Low
CUST0002044,351,Medium
CUST0002053,499,Medium
CUST0000459,365,Medium
CUST0000286,670,Low
CUST0000217,560,Low
CUST0002228,473,High
CUST0000467,319,Medium
CUST0000262,675,High
CUST0002033,337,High
CUST0002216,555,Medium
CUST0001034,317,Medium
CUST0001331,535,Low
CUST0000871,306,Low
CUST0000425,706,High
CUST0001756,740,Medium
CUST0001271,331,High
CUST0000159,650,Low
CUST0001963,822,High
CUST0000233,808,Low
CUST0001172,338,Medium
CUST0002896,715,High
CUST0002924,447,Low
CUST0001504,527,Medium
CUST0000534,822,High
CUST0002954,817,High
CUST0001631,807,High
CUST0002912,525,Medium
CUST0002083,505,Medium
CUST0001211,787,Low
CUST0002603,344,Medium
CUST0000706,709,High
CUST0002184,394,Medium
CUST0001993,773,High
CUST0001194,736,High
CUST0002144,689,Low
CUST0000787,663,Low
CUST0001418,778,Medium
CUST0002873,835,Low
CUST0000918,597,High
CUST0002744,787,Medium
CUST0001453,398,Low
CUST0000126,658,Medium
CUST0001495,503,Low
CUST0000887,596,Medium
CUST0001621,641,High
CUST0000959,666,Medium
CUST0000621,718,Medium
CUST0000908,309,Medium
CUST0000174,350,Medium
CUST0002614,647,Low
CUST0002661,314,High
CUST0000269,799,Low
CUST0002922,441,Low
CUST0001752,840,High
CUST0002773,358,Medium
CUST0000675,756,High
CUST0000488,819,High
CUST0002655,847,Low
CUST0000391,799,Medium
CUST0000041,431,Low
CUST0001654,441,High
CUST0000489,658,Medium
CUST0001171,307,Low
CUST0002935,784,High
CUST0002708,786,High
CUST0000042,826,Medium
CUST0001049,830,Low
CUST0001390,537,High
CUST0000437,838,High
CUST0001174,395,Low
CUST0001985,579,Medium
CUST0001677,304,Medium
CUST0001840,515,Medium
CUST0002283,673,Medium
CUST0002587,448,Medium
CUST0001904,779,Medium
CUST0002313,342,Medium
CUST0001719,838,Medium
CUST0001716,710,High
CUST0002946,301,Medium
CUST0002389,794,High
CUST0000571,373,Medium
CUST0000548,353,High
CUST0001318,758,High
CUST0002008,497,Low
CUST0001332,821,Low
CUST0002506,406,Low
CUST0001556,376,Low
CUST0000583,449,High
CUST0001312,643,High
CUST0002359,473,High
CUST0000778,775,Medium
CUST0000159,580,Medium
CUST0002225,323,High
CUST0001608,327,High
CUST0001560,659,Low
CUST0002288,457,Medium
CUST0000906,640,High
CUST0002564,792,Medium
CUST0002243,550,Medium
CUST0000580,803,Medium
CUST0002787,580,Low
CUST0000188,587,Low
CUST0000120,337,High
CUST0000702,690,Medium
CUST0000805,401,High
CUST0000611,421,High
CUST0002012,424,Low
CUST0002747,650,Medium
CUST0001874,526,Medium
CUST0000140,381,High
CUST0000376,778,Medium
CUST0000646,622,Medium
CUST0001837,444,Medium
CUST0001313,492,High
CUST0000225,497,Low
CUST0002663,423,Low
CUST0001324,447,Low
CUST0000156,590,High
CUST0000864,310,High
CUST0002437,441,Low
CUST0002129,479,Medium
CUST0001339,567,Medium
CUST0000737,712,Low
CUST0001339,689,High
CUST0002830,301,Low
CUST0000109,714,Low
CUST0000610,738,Low
CUST0001923,433,Medium
CUST0000931,340,Medium
CUST0002525,637,Medium
CUST0002738,623,Medium
CUST0002731,431,High
CUST0001604,693,High
CUST0002328,340,High
CUST0001233,559,Medium
CUST0001243,733,High
CUST0000069,719,High
CUST0002990,423,Low
CUST0002200,344,High
CUST0002950,475,High
CUST0001166,589,Low
CUST0000698,681,Low
CUST0002353,760,Medium
CUST0000261,671,High
CUST0002934,721,Medium
CUST0001285,459,Medium
CUST0002553,791,High
CUST0001943,690,High
CUST0002923,645,Low
CUST0002888,356,Low
CUST0002018,372,Low
CUST0000461,843,High
CUST0002896,326,Low
CUST0002943,741,Medium
CUST0001676,587,High
CUST0000255,604,High
CUST0000825,565,Medium
CUST0001851,464,Low
CUST0002810,592,High
CUST0002971,397,Medium
CUST0001595,635,Low
CUST0001940,742,Medium
CUST0002291,470,Low
CUST0000674,709,Medium
CUST0001817,755,Low
CUST0000170,343,Low
CUST0000942,686,High
CUST0001874,717,Low
CUST0000831,681,High
CUST0000499,575,Medium
CUST0002174,668,Medium
CUST0000518,755,Medium
CUST0002205,317,High
CUST0002584,662,High
CUST0000646,575,High
CUST0001144,721,High
CUST0001519,740,High
CUST0001304,607,Medium
CUST0001320,370,High
CUST0001817,785,Medium
CUST0000519,326,Medium
CUST0002311,558,Medium
CUST0001965,457,Medium
CUST0001735,393,High
CUST0002833,699,High
CUST0001750,670,High
CUST0001819,704,Low
CUST0001924,693,Medium
CUST0001459,561,Medium
CUST0001445,311,High
CUST0000179,719,Low
CUST0001634,592,Medium
CUST0002437,476,Medium
CUST0001800,389,Medium
CUST0001855,353,Low
CUST0001263,743,Medium
CUST0000659,379,Low
CUST0002511,623,High
CUST0002445,689,High
CUST0001256,577,Low
CUST0002124,313,High
CUST0000556,683,Medium
CUST0002356,558,Low
CUST0002061,355,Medium
CUST0002720,585,High
CUST0002213,725,High
CUST0002732,387,Low
CUST0000274,332,High
CUST0002218,808,High
CUST0001798,756,High
CUST0001034,834,Medium
CUST0002668,402,Medium
CUST0002517,665,Medium
CUST0001514,847,High
CUST0002660,762,High
CUST0002571,344,Medium
CUST0001511,829,Medium
CUST0002607,541,Low
CUST0002105,455,Low
CUST0002385,734,Medium
CUST0001442,376,Low
CUST0001392,602,Medium
CUST0000682,502,High
CUST0000755,503,High
CUST0002591,542,Medium
CUST0001836,655,Low
CUST0002769,509,Medium
CUST0000748,382,Medium
CUST0000267,508,Medium
CUST0002702,524,Medium
CUST0001410,502,High
CUST0002903,397,High
CUST0001930,410,Medium
CUST0001025,648,High
CUST0000050,698,Low
CUST0001068,645,Medium
CUST0000751,582,High
CUST0000898,312,High
CUST0002505,355,Low
CUST0002163,488,Medium
CUST0002836,453,Medium
CUST0000618,631,High
CUST0000269,559,Low
CUST0002709,302,Medium
CUST0001890,731,Medium
CUST0000384,839,Medium
CUST0000011,693,Medium
CUST0002710,511,Medium
CUST0000960,303,Medium
CUST0001272,569,Medium
CUST0002313,578,Low
CUST0000429,592,High
CUST0001210,397,Low
CUST0002863,788,Medium
CUST0001019,838,Medium
CUST0000243,582,Medium
CUST0002570,684,Low
CUST0000784,681,Medium
CUST0002272,658,High
CUST0000519,477,Low
CUST0001697,642,High
CUST0001940,559,Low
CUST0002891,520,High
CUST0001716,747,High
CUST0001545,560,High
CUST0001130,746,Low
CUST0000407,842,High
CUST0000546,467,High
CUST0000753,481,High
CUST0002466,567,Medium
CUST0000388,398,Medium
CUST0002829,569,High
CUST0000574,788,Medium
CUST0000320,448,Medium
CUST0002304,408,Low
CUST0000154,830,Low
CUST0002231,404,Medium
CUST0000039,580,High
CUST0000292,643,Medium
CUST0002692,351,Medium
CUST0002700,520,Low
CUST0001036,310,High
CUST0000638,631,Medium
CUST0000889,580,Medium
CUST0001177,424,Medium
CUST0000688,771,High
CUST0001412,704,Medium
CUST0001752,501,High
CUST0000405,558,Low
CUST0000847,772,Low
CUST0001428,420,Low
CUST0001783,311,Low
CUST0001807,788,High
CUST0002770,327,Medium
CUST0002476,309,Low
CUST0002844,848,Low
CUST0001684,461,Low
CUST0000966,636,High
CUST0002238,776,High
CUST0002547,638,Medium
CUST0001291,676,High
CUST0002312,309,Medium
CUST0000583,480,Low
CUST0001194,573,Medium
CUST0001138,338,High
CUST0002701,430,Low
CUST0002210,542,High
CUST0000491,600,Low
CUST0002871,745,Low
CUST0002643,319,Medium
CUST0000319,352,High
CUST0002611,689,High
CUST0002180,777,Medium
CUST0001570,489,Low
CUST0000419,591,Low
CUST0001315,317,High
CUST0000370,819,Medium
CUST0002424,658,Low
CUST0002673,358,Low
CUST0000006,586,Low
CUST0002456,704,Low
CUST0002225,716,Low
CUST0000651,443,High
CUST0000841,652,Low
CUST0001105,441,High
CUST0001864,749,Low
CUST0002482,802,Low
CUST0002808,493,Medium
CUST0002631,545,High
CUST0002843,425,Low
CUST0002055,445,Medium
CUST0000033,482,Medium
CUST0001322,662,Medium
CUST0000038,326,Medium
CUST0002614,699,Medium
CUST0001377,466,Medium
CUST0002744,358,Medium
CUST0002605,407,Low
CUST0002876,404,High
CUST0002921,381,Low
CUST0001451,586,Low
CUST0002817,480,High
CUST0000920,538,High
CUST0001090,458,Medium
CUST0002735,787,High
CUST0002947,365,Low
CUST0002340,425,Medium
CUST0000552,682,Low
CUST0002482,514,High
CUST0002629,747,Low
CUST0002266,816,High
CUST0000921,812,High
CUST0001908,423,Medium
CUST0000177,590,High
CUST0000226,642,Low
CUST0002805,681,High
CUST0002887,683,Low
CUST0001660,563,Medium
CUST0001675,766,High
CUST0000218,485,High
CUST0001099,711,Medium
CUST0001909,681,Low
CUST0002283,564,Medium
CUST0000403,648,Low
CUST0000648,505,Medium
CUST0000862,650,Medium
CUST0001065,307,High
CUST0002469,425,Low
CUST0000600,608,High
CUST0001607,690,Low
CUST0002005,646,Medium
CUST0001183,337,Medium
CUST0002812,464,Low
CUST0001846,609,Medium
CUST0000760,734,High
CUST0002022,785,Low
CUST0002190,429,Medium
CUST0001775,391,High
CUST0002612,650,High
CUST0002803,550,Low
CUST0000441,311,High
CUST0001723,448,Low
CUST0002427,640,Low
CUST0002473,547,High
CUST0002044,674,Low
CUST0000296,485,Medium
CUST0002394,470,High
CUST0001894,451,Low
CUST0002139,603,Low
CUST0002909,564,Medium
CUST0002442,824,Medium
CUST0001904,669,High
CUST0000954,513,Low
CUST0000570,802,Low
CUST0000102,557,Low
CUST0000059,447,Low
CUST0002290,453,High
CUST0001086,523,High
CUST0001583,535,Medium
CUST0001516,517,High
CUST0000197,514,Medium
CUST0001665,726,Low
CUST0000326,678,Medium
CUST0001439,685,High
CUST0001633,301,Low
CUST0002105,401,High
CUST0001322,704,Medium
CUST0000246,602,Low
CUST0000051,639,Low
CUST0000852,637,Medium
CUST0001548,612,High
CUST0001479,832,Low
CUST0000411,303,Low
CUST0000006,804,High
CUST0002210,820,High
CUST0001024,470,High
CUST0001652,452,Medium
CUST0002542,625,Low
CUST0001110,620,Low
CUST0000422,539,High
CUST0001964,526,High
CUST0001901,592,High
CUST0001216,592,Low
CUST0000304,445,Medium
CUST0002865,367,Low
CUST0002940,406,Medium
CUST0002365,600,Medium
CUST0001070,335,Medium
CUST0002044,312,High
CUST0000622,309,Low
CUST0000613,511,High
CUST0000163,822,Medium
CUST0000708,805,Medium
CUST0002445,478,Low
CUST0001101,680,Medium
CUST0000096,447,High
CUST0002177,752,Low
CUST0001731,827,Low
CUST0002983,751,Medium
CUST0000269,518,Medium
CUST0002689,614,Low
CUST0001312,756,Medium
CUST0000731,840,Low
CUST0000867,503,Low
CUST0000187,377,Low
CUST0001054,489,Medium
CUST0001424,786,High
CUST0002283,612,High
CUST0001450,635,Medium
CUST0000194,616,Medium
CUST0000189,786,Low
CUST0001638,758,High
CUST0000061,818,Medium
CUST0000172,574,Low
CUST0001950,465,Medium
CUST0001838,696,Medium
CUST0000801,732,Low
CUST0001070,669,High
CUST0002447,430,Low
CUST0000352,524,Low
CUST0002626,350,High
CUST0000362,403,Medium
CUST0000932,792,Medium
CUST0000560,424,Medium
CUST0000090,546,Medium
CUST0000045,497,Low
CUST0002571,671,High
CUST0002428,509,High
CUST0001817,477,Medium
CUST0002679,778,Medium
CUST0001603,513,Medium
CUST0001233,314,Medium
CUST0001846,774,Medium
CUST0001746,330,Low
CUST0002972,671,Low
CUST0001587,840,Low
CUST0002128,470,Medium
CUST0000575,791,Medium
CUST0000132,537,High
CUST0001667,379,Medium
CUST0002971,399,Low
CUST0001833,382,Medium
CUST0001439,387,High
CUST0000422,329,Medium
CUST0000331,794,High
CUST0000339,315,Low
CUST0002103,454,Medium
CUST0000637,724,Medium
CUST0002562,737,Medium
CUST0000924,809,Medium
CUST0002643,558,High
CUST0000489,719,Low
CUST0001226,543,Low
CUST0001327,446,Medium
CUST0000595,625,Medium
CUST0000375,510,Medium
CUST0000176,705,Low
CUST0001212,693,High
CUST0000277,539,High
CUST0001067,454,Medium
CUST0000835,372,Low
CUST0000520,426,High
CUST0000017,688,Low
CUST0000999,770,Low
CUST0000088,431,Medium
CUST0001891,371,Medium
CUST0002587,636,Low
CUST0001727,509,Medium
CUST0001325,739,High
CUST0001196,729,Low
CUST0001211,435,High
CUST0001669,483,Medium
CUST0002656,470,Medium
CUST0001844,761,High
CUST0002315,371,Medium
CUST0001674,507,High
CUST0002694,463,High
CUST0000090,370,High
CUST0002362,408,Low
CUST0000004,502,High
CUST0001511,424,High
CUST0001749,490,Medium
CUST0000295,592,Medium
CUST0001782,568,High
CUST0000165,573,Medium
CUST0001649,738,High
CUST0001840,320,Low
CUST0002798,445,Medium
CUST0001386,469,Medium
CUST0001262,794,Medium
CUST0000053,332,High
CUST0002771,741,Low
CUST0001732,329,Low
CUST0001449,368,High
CUST0001853,489,Medium
CUST0002692,673,Medium
CUST0001240,596,Low
CUST0000049,839,High
CUST0002406,324,High
CUST0002890,474,Low
CUST0001756,815,Low
CUST0002345,657,Low
CUST0002737,636,High
CUST0002660,388,Low
CUST0000051,761,Medium
CUST0001581,635,High
CUST0002272,822,High
CUST0002061,371,High
CUST0000886,692,Low
CUST0000243,530,Medium
CUST0001897,311,High
CUST0002730,770,High
CUST0001132,520,Low
CUST0002539,761,High
CUST0002809,453,Low
CUST0000316,689,Low
CUST0002877,487,Low
CUST0001887,502,Low
CUST0000365,737,Medium
CUST0000993,665,Low
CUST0002665,701,High
CUST0000881,813,High
CUST0002396,575,High
CUST0001845,752,Medium
CUST0002415,748,High
CUST0001391,679,High
CUST0001021,338,Low
CUST0000061,662,Low
CUST0001045,328,Medium
CUST0002976,595,High
CUST0002275,326,High
CUST0001559,543,Low
CUST0000265,668,High
CUST0000113,654,Low
CUST0001019,352,High
CUST0000114,424,High
CUST0000012,592,Low
CUST0002383,366,Low
CUST0002090,585,Low
CUST0000642,392,Low
CUST0001291,693,Medium
CUST0000082,376,Low
CUST0002223,584,High
CUST0001049,679,High
CUST0001471,376,High
CUST0001669,641,High
CUST0001176,567,Medium
CUST0001510,369,Medium
CUST0002893,321,High
CUST0000085,552,Low
CUST0001154,555,Medium
CUST0001125,486,Medium
CUST0001289,558,High
CUST0001725,472,Low
CUST0002547,568,Low
CUST0001489,647,High
CUST0002915,821,Low
CUST0001568,580,Low
CUST0000348,535,Medium
CUST0000967,334,Medium
CUST0001403,651,High
CUST0000078,502,Medium
CUST0000067,844,High
CUST0002349,373,High
CUST0000672,598,Low
CUST0000310,648,Medium
CUST0000613,564,High
CUST0002212,654,Low
CUST0002307,737,Medium
CUST0000168,844,High
CUST0001263,711,Low
CUST0000239,336,Low
CUST0001469,357,Low
CUST0000785,755,Medium
CUST0000397,442,Low
CUST0000485,385,High
CUST0002941,328,Medium
CUST0001710,538,Medium
CUST0002480,755,Medium
CUST0000509,791,Medium
CUST0002281,313,Medium
CUST0002476,376,Low
CUST0000103,578,Low
CUST0001492,531,High
CUST0002626,451,High
CUST0000097,362,Low
CUST0001879,707,Medium
CUST0001625,490,Low
CUST0002461,567,High
CUST0002257,808,High
CUST0002505,347,Medium
CUST0001525,433,High
CUST0002345,320,Low
CUST0001883,394,Medium
CUST0001451,715,Medium
CUST0002711,325,Low
CUST0002153,445,Low
CUST0002010,351,Low
CUST0002893,372,High
CUST0001803,583,Low
CUST0000163,323,High
CUST0002744,817,Low
CUST0001327,546,High
CUST0001248,457,Medium
CUST0000652,617,Medium
CUST0001283,770,Low
CUST0001400,668,Low
CUST0001014,765,Low
CUST0002637,777,Low
CUST0000245,737,Medium
CUST0001783,701,Medium
CUST0000221,659,Medium
CUST0000037,832,High
CUST0001023,681,High
CUST0000303,351,High
CUST0002129,848,Low
CUST0000107,771,Medium
CUST0001210,397,Low
CUST0002455,740,High
CUST0001536,586,High
CUST0001636,842,High
CUST0000503,449,Medium
CUST0001035,389,Medium
CUST0002736,350,Medium
CUST0000493,595,High
CUST0002508,746,High
CUST0002410,495,Medium
CUST0001398,421,Low
CUST0002320,576,High
CUST0002672,762,Medium
CUST0001689,460,Medium
CUST0000520,546,Medium
CUST0001962,473,Low
CUST0000504,618,Medium
CUST0001584,322,Medium
CUST0001384,573,Low
CUST0000564,845,Low
CUST0001445,600,High
CUST0000235,506,Medium
CUST0000916,634,Low
CUST0002802,503,Medium
CUST0001791,780,Medium
CUST0001207,554,Medium
CUST0000162,783,High
CUST0001815,411,Low
CUST0000589,403,Medium
CUST0000686,361,High
CUST0002695,480,Low
CUST0002457,503,High
CUST0001457,825,Medium
CUST0002514,703,Medium
CUST0001608,328,Low
CUST0000824,630,High
CUST0002943,519,Medium
CUST0002627,704,High
CUST0002885,342,High
CUST0001748,498,Low
CUST0001768,494,Low
CUST0001181,716,Medium
CUST0000021,760,High
CUST0001915,457,Medium
CUST0002168,436,High
CUST0001424,562,Low
CUST0002795,545,Low
CUST0000400,739,High
CUST0002108,509,Low
CUST0001590,427,Low
CUST0002725,795,Low
CUST0001227,393,Low
CUST0002270,721,Medium
CUST0001320,770,High
CUST0002719,434,Medium
CUST0002178,499,Medium
CUST0002183,414,Medium
CUST0002090,708,Low
CUST0000400,595,High
CUST0001311,529,High
CUST0002279,479,High
CUST0000365,563,High
CUST0001162,627,Low
CUST0001482,832,High
CUST0000983,730,Medium
CUST0001788,403,High
CUST0002050,325,Medium
CUST0000330,373,Medium
CUST0002686,449,Low
CUST0000381,771,Low
CUST0001151,305,Low
CUST0000360,643,Low
CUST0002047,730,High
CUST0000708,683,High
CUST0001025,404,Low
CUST0002941,692,Medium
CUST0002816,354,Medium
CUST0001863,684,High
CUST0002337,478,High
CUST0000179,331,Low
CUST0002912,684,Medium
CUST0000304,376,Medium
CUST0001561,539,High
CUST0001449,484,Medium
CUST0000384,845,Low
CUST0002479,347,Medium
CUST0001119,414,High
CUST0002587,760,Low
CUST0001884,643,Low
CUST0000439,750,Low
CUST0002603,427,Low
CUST0001194,403,High
CUST0002735,432,Low
CUST0001892,406,Medium
CUST0000463,336,Medium
CUST0002767,756,Medium
CUST0000978,690,Medium
CUST0002155,421,Low
CUST0002315,301,High
CUST0000576,302,Low
CUST0002457,316,Medium
CUST0001995,704,Low
CUST0000738,307,Medium
CUST0002395,475,Medium
CUST0002107,717,Low
CUST0000677,815,High
CUST0001324,422,Medium
CUST0001134,714,Low
CUST0000368,671,Low
CUST0001007,325,Low
CUST0002695,763,Medium
CUST0000563,310,High
CUST0002947,349,High
CUST0001265,371,High
CUST0002835,482,Low
CUST0002157,750,Medium
CUST0000936,573,Low
CUST0001667,796,Low
CUST0002958,404,Medium
CUST0000253,625,Medium
CUST0001042,494,Low
CUST0001796,762,High
CUST0000290,327,Medium
CUST0000288,782,Medium
CUST0000265,303,Medium
CUST0000614,699,High
CUST0000623,771,High
CUST0000800,811,Low
CUST0000464,795,Medium
CUST0002566,363,Medium
CUST0002588,771,Low
CUST0000004,707,High
CUST0000289,799,High
CUST0002446,536,Low
CUST0002597,404,High
CUST0001145,655,Low
CUST0001865,806,High
CUST0002110,502,Medium
CUST0000856,509,High
CUST0001098,420,Medium
CUST0002847,536,Medium
CUST0000007,836,Low
CUST0000891,582,High
CUST0001740,756,High
CUST0000530,308,Medium
CUST0001535,549,Low
CUST0001675,716,Low
CUST0002992,674,Low
CUST0001117,592,Low
CUST0001769,617,High
CUST0002624,549,Medium
CUST0002466,645,Medium
CUST0002516,344,Medium
CUST0000091,526,Medium
CUST0001621,468,Medium
CUST0001893,430,Medium
CUST0000772,557,Medium
CUST0000746,649,Medium
CUST0002763,524,High
CUST0001825,731,Low
CUST0000111,791,Low
CUST0001098,811,High
CUST0000226,335,High
CUST0001626,814,High
CUST0001140,354,Low
CUST0001819,732,Medium
CUST0001963,444,High
CUST0001786,373,High
CUST0000488,640,High
CUST0001831,613,Medium
CUST0002895,441,Medium
CUST0002544,629,Medium
CUST0001187,697,Low
CUST0001000,413,High
CUST0002635,653,Medium
CUST0002772,599,High
CUST0000073,633,Medium
CUST0001536,657,High
CUST0002925,631,High
CUST0002815,732,High
CUST0002866,609,High
CUST0002031,357,High
CUST0001622,629,Medium
CUST0000923,803,Low
CUST0001787,815,High
CUST0002667,725,Low
CUST0001545,827,Low
CUST0002157,420,High
CUST0001384,487,Low
CUST0000722,543,High
CUST0002843,670,Low
CUST0001524,447,High
CUST0000068,555,Low
CUST0000576,323,High
CUST0001059,785,High
CUST0001456,441,High
CUST0001515,341,Low
CUST0002147,729,Medium
CUST0002447,617,Low
CUST0000726,356,Low
CUST0000842,828,Medium
CUST0002060,833,Low
CUST0001123,343,High
CUST0000151,469,High
CUST0000714,485,High
CUST0002750,527,Medium
CUST0000081,748,High
CUST0000003,601,Low
CUST0000703,648,High
CUST0000520,322,High
CUST0000456,825,Low
CUST0002559,792,Medium
CUST0001531,507,High
CUST0002064,528,Medium
CUST0000159,322,Low
CUST0000521,308,High
CUST0002690,794,High
CUST0000410,471,Low
CUST0001299,720,High
CUST0002837,470,High
CUST0002022,549,Low
CUST0002550,444,Medium
CUST0001856,510,Low
CUST0002069,618,Medium
CUST0001140,323,Low
CUST0000146,309,Medium
CUST0000026,417,Medium
CUST0000108,657,High
CUST0000362,787,Low
CUST0001607,329,Medium
CUST0002982,336,Low
CUST0002119,704,Low
CUST0002031,707,Low
CUST0001394,547,High
CUST0001551,373,Low
CUST0000629,329,Low
CUST0000734,783,High
CUST0002554,707,Low
CUST0001773,308,High
CUST0001305,343,Medium
CUST0001693,829,Medium
CUST0001707,427,High
CUST0001605,435,Low
CUST0002706,449,High
CUST0000292,838,Medium
CUST0002955,780,Medium
CUST0000583,758,High
CUST0000456,452,Medium
CUST0001482,836,Low
CUST0002684,487,Medium
CUST0002425,365,High
CUST0000410,735,Low
CUST0002473,735,Medium
CUST0002970,775,High
CUST0001788,493,Low
CUST0002247,611,Medium
CUST0000496,405,Low
CUST0002517,746,High
CUST0000264,569,High
CUST0002865,471,High
CUST0000620,695,Low
CUST0000405,319,High
CUST0002583,353,High
CUST0002306,404,Low
CUST0000669,531,Medium
CUST0001380,426,Low
CUST0000456,802,Low
CUST0001649,684,High
CUST0002091,820,Medium
CUST0002906,581,Medium
CUST0002288,628,Low
CUST0000385,436,Medium
CUST0000068,731,Low
CUST0002771,520,Medium
CUST0002407,643,Medium
CUST0001961,550,Low
CUST0001327,641,Medium
CUST0001195,441,Medium
CUST0001911,453,Medium
CUST0000677,388,Low
CUST0001065,481,Low
CUST0001036,612,High
CUST0000415,460,High
CUST0001693,714,Low
CUST0000484,701,Medium
CUST0001414,712,High
CUST0002161,473,High
CUST0001364,592,Medium
CUST0002178,631,Low
CUST0002699,514,Medium
CUST0002249,662,Medium
CUST0002342,761,Low
CUST0002229,717,Medium
CUST0002783,702,Medium
CUST0002345,748,High
CUST0000818,409,High
CUST0001745,697,Low
CUST0002537,383,Medium
CUST0001624,483,Medium
CUST0000666,526,Medium
CUST0000134,466,Medium
CUST0000945,393,High
CUST0002714,800,High
CUST0001880,485,Low
CUST0002281,521,Low
CUST0002614,644,Medium
CUST0000227,373,High
CUST0001593,352,Medium
CUST0001402,438,Low
CUST0002294,719,Low
CUST0001851,592,Low
CUST0002823,541,Low
CUST0001297,825,High
CUST0001104,429,Low
CUST0000601,665,High
CUST0001386,461,Low
CUST0000973,713,Medium
CUST0002040,540,High
CUST0001373,790,High
CUST0001417,698,Medium
CUST0001894,574,Low
CUST0001295,772,High
CUST0001810,339,High
CUST0001364,407,Low
CUST0001663,447,High
CUST0002927,372,High
CUST0000754,411,Medium
CUST0002912,486,Low
CUST0001480,419,Low
CUST0000088,473,Medium
CUST0000915,344,Low
CUST0000300,621,High
CUST0002063,700,Low
CUST0002903,813,Medium
CUST0002898,394,Medium
CUST0000710,451,High
CUST0000115,621,Low
CUST0000091,527,High
CUST0001339,845,Medium
CUST0002450,396,Low
CUST0002897,397,High
CUST0000599,710,Low
CUST0002051,464,High
CUST0001898,739,Low
CUST0000404,323,High
CUST0000540,541,Medium
CUST0001937,648,Low
CUST0001827,703,Medium
CUST0001985,424,Medium
CUST0001922,637,Low
CUST0000631,509,High
CUST0001270,413,High
CUST0002786,675,Medium
CUST0001516,426,Low
CUST0000141,554,High
CUST0002907,727,Low
CUST0002745,711,High
CUST0001586,784,High
CUST0002955,388,Medium
CUST0000795,444,Low
CUST0002447,443,Low
CUST0001941,632,Low
CUST0002916,534,High
CUST0000148,436,Low
CUST0002979,430,Low
CUST0000807,762,High
CUST0000413,740,High
CUST0001436,475,Medium
CUST0002988,554,High
CUST0002475,782,High
CUST0002382,655,Low
CUST0000286,570,Medium
CUST0002442,708,High
CUST0001224,402,High
CUST0000163,473,Medium
CUST0002243,794,Medium
CUST0002695,771,High
CUST0002338,404,Low
CUST0002543,537,Medium
CUST0001362,741,Medium
CUST0000647,588,Medium
CUST0001417,668,High
CUST0000068,307,High
CUST0001860,554,Low
CUST0001908,563,High
CUST0002500,579,Medium
CUST0001684,692,Medium
CUST0001060,741,Medium
CUST0000893,637,Medium
CUST0001329,559,High
CUST0000828,655,Low
CUST0002190,729,High
CUST0000829,370,Low
CUST0001196,781,Low
CUST0002739,459,High
CUST0001797,749,Medium
CUST0001277,441,Low
CUST0002717,521,Medium
CUST0002556,660,Low
CUST0001045,781,Medium
CUST0000815,531,Medium
CUST0000904,420,Medium
CUST0000367,389,Low
CUST0000002,782,Medium
CUST0000483,334,Low
CUST0002742,565,Medium
CUST0001075,369,Low
CUST0000923,345,Low
CUST0002558,552,Medium
CUST0001730,532,Medium
CUST0001325,461,High
CUST0000453,341,Medium
CUST0002128,841,Low
CUST0000313,817,High
CUST0000730,662,Low
CUST0001286,471,High
CUST0001638,339,Medium
CUST0000963,513,Medium
CUST0001842,743,Medium
CUST0001982,429,High
CUST0001695,312,High
CUST0002727,616,High
CUST0002076,846,Medium
CUST0000392,828,High
CUST0001953,483,Medium
CUST0000535,501,Medium
CUST0001037,431,Medium
CUST0001323,434,Low
CUST0000843,505,High
CUST0002370,335,Low
CUST0000286,841,Low
CUST0000290,652,Low
CUST0001764,649,Medium
CUST0000396,301,High
CUST0001330,622,Low
CUST0000245,737,Low
CUST0002735,794,Medium
CUST0002557,450,Low
CUST0000135,408,High
CUST0001308,758,Low
CUST0001711,629,Low
CUST0001759,750,Low
CUST0000219,556,Low
CUST0001188,485,Low
CUST0002526,585,Medium
CUST0002661,620,Low
CUST0001265,733,Medium
CUST0001138,377,Low
CUST0002633,554,Low
CUST0001329,491,High
CUST0001348,366,Medium
CUST0000396,685,Low
CUST0000250,503,Low
CUST0000594,797,Low
CUST0000319,697,Low
CUST0001133,566,Low
CUST0000826,464,High
CUST0002715,780,Medium
CUST0002815,777,Low
CUST0000554,343,Medium
CUST0001970,380,High
CUST0000664,379,Low
CUST0002798,760,High
CUST0002595,790,Low
CUST0000054,576,Medium
CUST0000358,396,Low
CUST0002342,760,Low
CUST0000894,322,High
CUST0000611,363,High
CUST0000369,469,High
CUST0002851,451,High
CUST0002409,736,High
CUST0000750,579,Low
CUST0000749,721,Low
CUST0000369,699,Low
CUST0002939,576,High
CUST0000898,712,Medium
CUST0002979,693,Low
CUST0001275,584,Medium
CUST0000664,771,High
CUST0001061,513,Medium
CUST0002242,767,Medium
CUST0000948,705,Low
CUST0002732,452,Low
CUST0002559,449,Low
CUST0000700,598,Medium
CUST0002657,453,Medium
CUST0002840,364,High
CUST0001028,532,High
CUST0000937,847,Medium
CUST0001996,733,High
CUST0002931,501,High
CUST0001005,523,High
CUST0002760,318,Low
CUST0002593,733,High
CUST0001118,713,Medium
CUST0002318,329,Low
CUST0001084,790,Low
CUST0001358,717,Medium
CUST0001264,354,Low
CUST0001593,463,High
CUST0002937,366,Low
CUST0000939,810,High
CUST0002411,316,Medium
CUST0000483,668,High
CUST0002343,518,Low
CUST0001381,732,High
CUST0001697,574,Medium
CUST0001819,646,Low
CUST0001308,446,Medium
CUST0002763,771,Medium
CUST0000031,468,Low
CUST0000197,351,High
CUST0000447,829,Medium
CUST0002988,438,Low
CUST0002083,557,High
CUST0000866,423,Medium
CUST0001029,401,Medium
CUST0001312,815,Low
CUST0002447,596,Medium
CUST0000343,589,High
CUST0000621,564,Medium
CUST0001831,471,Medium
CUST0002630,593,High
CUST0002680,813,Medium
CUST0002040,622,Low
CUST0002919,371,High
CUST0002813,511,Low
CUST0001565,550,Medium
CUST0001957,435,Low
CUST0001815,488,Medium
CUST0002263,633,Low
CUST0000338,744,Medium
CUST0002251,670,Low
CUST0002362,714,Medium
CUST0002769,456,Low
CUST0000037,427,High
CUST0000558,735,High
CUST0002119,478,Low
CUST0002209,599,High
CUST0000112,812,High
CUST0001285,757,Low
CUST0000530,537,Low
CUST0001327,606,High
CUST0000318,456,Medium
CUST0002003,429,Low
CUST0001544,800,Medium
CUST0002765,630,High
CUST0002613,808,Low
CUST0002764,587,High
CUST0002621,792,Low
CUST0000638,665,Low
CUST0000982,623,Medium
CUST0001486,749,High
CUST0002376,805,Low
CUST0000123,495,High
CUST0000005,764,High
CUST0002466,811,Medium
CUST0000166,598,Low
CUST0001594,421,Low
CUST0001881,591,Medium
CUST0001840,524,Medium
CUST0002899,713,Medium
CUST0002937,787,Medium
CUST0002399,826,Low
CUST0001382,826,Low
CUST0000314,466,High
CUST0002353,629,Low
CUST0002784,736,Low
CUST0001665,846,Medium
CUST0001931,396,Medium
CUST0000297,471,Low
CUST0002834,352,Low
CUST0002146,322,Medium
CUST0001757,323,Low
CUST0001222,529,Low
CUST0002246,549,Low
CUST0000627,553,Medium
CUST0001745,711,Medium
CUST0002620,528,High
CUST0002796,382,Low
CUST0002371,308,Medium
CUST0000343,680,Medium
CUST0000915,525,Medium
CUST0002961,578,Low
CUST0001209,823,High
CUST0002487,720,Low
CUST0000185,756,Medium
CUST0001017,609,Low
CUST0001942,659,Low
CUST0000651,467,High
CUST0002867,347,Medium
CUST0002485,849,Low
CUST0001621,728,High
CUST0000542,306,High
CUST0002280,721,Medium
CUST0000712,383,Medium
CUST0000972,413,Low
CUST0001788,337,Low
CUST0001599,383,Low
CUST0001896,447,Low
CUST0001820,778,Low
CUST0000203,603,Low
CUST0001545,820,Low
CUST0000998,799,High
CUST0000547,624,Medium
CUST0002840,424,Medium
CUST0000918,790,Medium
CUST0001763,421,High
CUST0000744,740,High
CUST0000670,460,Medium
CUST0002109,542,High
CUST0001015,687,Medium
CUST0001965,310,High
CUST0000980,723,Low
CUST0000327,588,Low
CUST0000191,675,Low
CUST0000928,707,Medium
CUST0001177,434,High
CUST0001510,373,Low
CUST0001141,676,High
CUST0002418,560,Low
CUST0001562,756,High
CUST0001762,614,Low
CUST0000778,575,Medium
CUST0001709,468,Low
CUST0001994,303,High
CUST0001284,822,Low
CUST0002280,405,Low
CUST0001036,358,Medium
CUST0001159,455,High
CUST0001206,552,Low
CUST0000140,610,Medium
CUST0000395,639,Medium
CUST0000590,362,Medium
CUST0000234,718,Low
CUST0001103,548,High
CUST0002567,345,Low
CUST0002206,590,Medium
CUST0000821,311,High
CUST0002104,388,Low
CUST0000524,660,Low
CUST0000887,355,Medium
CUST0001464,715,High
CUST0002939,789,High
CUST0000094,711,Low
CUST0000677,330,Low
CUST0001402,365,Medium
CUST0001721,782,Medium
CUST0002115,399,Medium
CUST0002370,511,Low
CUST0002069,727,Low
CUST0002877,456,Low
CUST0002329,409,Medium
CUST0002847,721,Low
CUST0002835,693,Medium
CUST0002002,572,Medium
CUST0000761,658,Medium
CUST0001750,606,Low
CUST0001777,301,Low
CUST0002228,392,Low
CUST0000554,621,Low
CUST0000455,804,Low
CUST0001106,305,Medium
CUST0002376,627,Medium
CUST0000090,658,High
CUST0001205,327,Low
CUST0001495,473,Low
CUST0001832,321,Medium
CUST0001796,497,Medium
CUST0001585,556,Medium
CUST0001268,401,Medium
CUST0000325,362,High
CUST0000379,473,Medium
CUST0000334,440,Medium
CUST0001488,677,Medium
CUST0001881,463,Low
CUST0002354,627,Low
CUST0000212,434,Low
CUST0002613,755,Low
CUST0000445,557,High
CUST0001251,629,Low
CUST0002688,660,Low
CUST0002706,646,High
CUST0000252,605,Medium
CUST0002732,422,High
CUST0001424,515,High
CUST0002337,800,Medium
CUST0000728,307,Medium
CUST0000054,362,Medium
CUST0002019,595,Low
CUST0001161,527,Low
CUST0000754,750,Low
CUST0001486,564,Low
CUST0002371,434,High
CUST0001423,494,High
CUST0002028,554,Medium
CUST0002662,541,Low
CUST0001772,699,Medium
CUST0002046,418,Medium
CUST0000671,584,Medium
CUST0002770,831,High
CUST0001191,759,High
CUST0001462,618,Low
CUST0001266,585,Low
CUST0001291,449,High
CUST0002289,370,Medium
CUST0000084,553,High
CUST0001383,403,Medium
CUST0000737,478,High
CUST0001473,450,Low
CUST0002415,767,Low
CUST0002279,794,Medium
CUST0000714,613,Medium
CUST0000935,402,High
CUST0000904,528,Medium
CUST0002855,571,Low
CUST0000228,539,Medium
CUST0000854,658,Low
CUST0002631,763,Medium
CUST0000511,767,Medium
CUST0000793,663,Medium
CUST0001840,435,Medium
CUST0000845,319,Low
CUST0001158,582,High
CUST0000199,444,Low
CUST0001374,668,Low
CUST0001480,512,Medium
CUST0000140,750,Medium
CUST0002022,756,Low
CUST0002518,381,Low
CUST0001096,753,High
CUST0002066,545,Medium
CUST0001791,593,Low
CUST0002913,585,Low
CUST0000639,359,Medium
CUST0002603,461,Low
CUST0000269,591,High
CUST0000286,654,Medium
CUST0000586,447,High
CUST0002112,529,High
CUST0000272,604,Medium
CUST0001696,657,Medium
CUST0002686,698,Low
CUST0000288,658,High
CUST0002376,348,Medium
CUST0001773,308,Low
CUST0000228,743,High
CUST0001424,433,Low
CUST0000837,720,Medium
CUST0001559,570,Medium
CUST0001826,818,Low
CUST0001264,509,Medium
CUST0000950,353,Medium
CUST0000702,501,Low
CUST0001903,550,Low
CUST0002189,658,Medium
CUST0000478,486,Medium
CUST0002228,597,High
CUST0001950,588,Medium
CUST0000199,625,High
CUST0000341,430,Medium
CUST0000250,333,Low
CUST0002376,347,Low
CUST0000543,600,High
CUST0000288,751,Low
CUST0001544,822,High
CUST0000485,580,Medium
CUST0000257,513,High
CUST0000626,554,Low
CUST0001235,775,Medium
CUST0001327,709,High
CUST0001601,608,High
CUST0000765,689,Low
CUST0001374,678,Low
CUST0001225,610,Low
CUST0000362,650,Medium
CUST0002728,763,Low
CUST0001684,383,Low
CUST0002688,828,Medium
CUST0001420,576,Medium
CUST0001750,331,Medium
CUST0000485,587,Medium
CUST0001238,532,Low
CUST0002311,560,Medium
CUST0002822,510,Medium
CUST0002384,662,Medium
CUST0001022,405,High
CUST0002703,795,High
CUST0000749,816,Medium
CUST0002163,807,Low
CUST0000271,725,High
CUST0001414,807,High
CUST0000716,673,High
CUST0000804,367,High
CUST0000399,833,Low
CUST0001025,389,Medium
CUST0001457,583,High
CUST0001582,820,Low
CUST0000147,756,Low
CUST0000075,372,Medium
CUST0000753,366,Low
CUST0001899,344,Low
CUST0000662,318,Medium
CUST0000021,499,High
CUST0000961,477,Medium
CUST0000544,790,Medium
CUST0000143,429,Medium
CUST0002299,848,High
CUST0001830,733,High
CUST0001753,780,Low
CUST0000380,584,Low
CUST0002099,512,Low
CUST0002735,748,High
CUST0002239,836,High
CUST0000758,628,Medium
CUST0002700,756,High
CUST0001655,712,Low
CUST0000767,561,High
CUST0000655,832,Low
CUST0002816,332,Medium
CUST0002031,726,Medium
CUST0000407,609,High
CUST0001888,336,High
CUST0000629,828,Low
CUST0000609,303,High
CUST0002556,555,High
CUST0002268,567,Low
CUST0002221,849,High
CUST0000391,646,High
CUST0001152,559,High
CUST0000844,825,Low
CUST0002768,621,High
CUST0000643,689,High
CUST0002907,789,High
CUST0000971,613,Medium
CUST0002074,783,Low
CUST0001979,666,Medium
CUST0000170,819,Low
CUST0002270,424,Low
CUST0002131,670,Low
CUST0001559,421,Low
CUST0001902,709,High
CUST0000765,482,Medium
CUST0001425,680,High
CUST0002401,715,Low
CUST0001252,525,Medium
CUST0001859,661,Low
CUST0002762,805,Low
CUST0000360,807,High
CUST0000253,635,Medium
CUST0000434,521,Low
CUST0000547,401,High
CUST0002043,411,Medium
CUST0001494,802,High
CUST0001115,395,Low
CUST0002126,811,Medium
CUST0001906,732,High
CUST0000089,733,Low
CUST0002485,385,Medium
CUST0000940,345,Low
CUST0000401,362,Medium
CUST0000063,662,Low
CUST0000928,848,High
CUST0001705,657,High
CUST0000759,574,Low
CUST0001015,621,High
CUST0001566,847,Medium
CUST0002412,448,Medium
CUST0002501,350,High
CUST0002709,370,Medium
CUST0001165,797,High
CUST0001654,703,High
CUST0001189,720,Low
CUST0001363,325,High
CUST0001209,821,Medium
CUST0000226,409,Low
CUST0002614,569,High
CUST0002354,589,Low
CUST0001872,509,Medium
CUST0001840,346,Medium
CUST0001089,825,Low
CUST0001252,518,Medium
CUST0000249,598,Low
CUST0002962,598,Low
CUST0000499,779,Low
CUST0002139,651,Medium
CUST0001937,337,Medium
CUST0002222,553,High
CUST0000321,429,Medium
CUST0001067,465,Medium
CUST0000765,342,Medium
CUST0000180,671,High
CUST0000206,720,Low
CUST0001388,568,Low
CUST0002644,668,Medium
CUST0000399,623,High
CUST0000729,402,Low
CUST0002778,409,Medium
CUST0001795,352,High
CUST0001651,484,High
CUST0002317,559,Low
CUST0001008,795,Medium
CUST0001267,808,Medium
CUST0002911,324,High
CUST0001686,542,Medium
CUST0000254,334,Medium
CUST0000227,648,Low
CUST0002219,583,Medium
CUST0000350,468,High
CUST0002571,685,High
CUST0002149,336,High
CUST0001424,588,Medium
CUST0000620,404,Low
CUST0000956,412,Low
CUST0002971,736,Medium
CUST0001461,585,Medium
CUST0000845,717,Medium
CUST0000434,412,High
CUST0002711,794,Medium
CUST0001918,300,Medium
CUST0000765,680,Medium
CUST0000866,405,Low
CUST0001342,699,High
CUST0000598,808,Low
CUST0002736,454,Low
CUST0002057,649,High
CUST0001079,366,High
CUST0002963,695,Low
CUST0002084,793,Low
CUST0002426,426,High
CUST0000465,789,Low
CUST0002552,320,High
CUST0001162,646,Low
CUST0001034,828,Low
CUST0000250,583,Medium
CUST0000081,846,Medium
CUST0001706,796,High
CUST0000723,849,Medium
CUST0000012,313,High
CUST0002032,465,High
CUST0001532,350,High
CUST0001347,573,High
CUST0001500,495,Low
CUST0001333,379,Low
CUST0000206,632,High
CUST0001516,782,High
CUST0000784,660,Medium
CUST0002450,344,Medium
CUST0001921,751,Medium
CUST0001164,552,High
CUST0002494,578,Medium
CUST0000512,776,Medium
CUST0002801,590,High
CUST0001062,840,High
CUST0002116,597,Low
CUST0000620,575,Low
CUST0000087,360,Medium
CUST0000395,470,Low
CUST0000852,681,Medium
CUST0002288,599,Medium
CUST0002509,700,Medium
CUST0001857,548,Medium
CUST0002697,773,Medium
CUST0000539,619,Medium
CUST0001282,366,Low
CUST0000643,705,High
CUST0000926,556,Medium
CUST0001252,651,High
CUST0002085,516,High
CUST0001190,586,Low
CUST0000369,669,Medium
CUST0000705,530,Low
CUST0000177,666,Medium
CUST0001372,540,Medium
CUST0001760,510,Low
CUST0000973,466,High
CUST0001873,621,Low
CUST0001335,558,Medium
CUST0000402,540,Low
CUST0001761,701,Low
CUST0000980,388,Medium
CUST0001661,824,Medium
CUST0000244,582,High
CUST0000043,508,High
CUST0002575,413,Low
CUST0002087,576,Low
CUST0000586,577,High
CUST0001488,358,High
CUST0000404,327,High
CUST0000795,337,High
CUST0000581,634,Low
CUST0000126,847,Medium
CUST0002414,527,Medium
CUST0000482,396,Medium
CUST0001475,415,Medium
CUST0000580,694,Low
CUST0001543,485,Low
CUST0001706,460,Medium
CUST0002623,613,Low
CUST0001612,301,High
CUST0001888,781,Low
CUST0000069,838,High
CUST0002193,414,Medium
CUST0002928,710,Medium
CUST0002538,333,Medium
CUST0000911,712,High
CUST0002392,367,Low
CUST0002698,623,Medium
CUST0000596,558,Medium
CUST0002316,324,Low
CUST0002466,463,High
CUST0001630,490,High
CUST0000215,498,High
CUST0002973,581,High
CUST0002905,495,High
CUST0002137,582,Medium
CUST0002207,534,High
CUST0001340,437,High
CUST0001576,843,High
CUST0002575,720,Medium
CUST0000770,453,High
CUST0000179,612,Low
CUST0001296,619,Low
CUST0002706,755,Medium
CUST0001784,446,Medium
CUST0000273,820,Low
CUST0002384,456,High
CUST0000605,706,High
CUST0002108,302,High
CUST0001069,663,Medium
CUST0000272,653,Low
CUST0000894,766,Medium
CUST0000865,833,Low
CUST0000683,819,Medium
CUST0001911,752,Medium
CUST0000751,698,Low
CUST0002222,437,Low
CUST0000846,397,High
CUST0002611,844,Medium
CUST0000532,675,Medium
CUST0002943,569,High
CUST0002837,479,High
CUST0002230,703,High
CUST0001239,813,Medium
CUST0000560,690,Low
CUST0001636,597,Medium
CUST0000981,578,Low
CUST0001272,447,High
CUST0002788,328,Low
CUST0000550,333,Medium
CUST0001644,459,Medium
CUST0000969,785,Low
CUST0002789,669,High
CUST0002138,590,Low
CUST0002242,738,Low
CUST0000897,395,Medium
CUST0000643,837,High
CUST0002333,827,High
CUST0002120,615,Medium
CUST0001369,680,Medium
CUST0002231,747,Low
CUST0001954,698,High
CUST0001467,364,Medium
CUST0002264,507,Low
CUST0001179,503,Medium
CUST0000772,416,Medium
CUST0000360,473,Low
CUST0000352,483,Medium
CUST0002983,529,High
CUST0002252,371,High
CUST0001476,319,Medium
CUST0002542,326,Low
CUST0002681,719,High
CUST0000327,403,Medium
CUST0001265,739,Medium
CUST0001336,437,Low
CUST0002106,475,High
CUST0001498,833,Low
CUST0002159,596,Low
CUST0001157,524,Medium
CUST0000485,489,Low
CUST0002401,550,Medium
CUST0000116,808,High
CUST0000769,823,Medium
CUST0001901,799,Medium
CUST0001059,418,Low
CUST0002600,683,High
CUST0002799,845,Medium
CUST0000350,721,High
CUST0000374,301,Low
CUST0000928,439,Low
CUST0001320,508,Low
CUST0001892,387,High
CUST0002933,687,Medium
CUST0002398,400,Low
CUST0002407,807,Medium
CUST0000382,531,Medium
CUST0002768,523,Medium
CUST0001307,759,High
CUST0002683,608,High
CUST0000881,523,Low
CUST0001273,496,High
CUST0001757,785,High
CUST0002390,343,High
CUST0001348,343,High
CUST0002457,529,Low
CUST0000956,307,High
CUST0001276,597,High
CUST0002691,343,Medium
CUST0001242,552,Medium
CUST0002375,385,High
CUST0001484,848,Medium
CUST0001254,459,High
CUST0000825,360,High
CUST0001458,676,Low
CUST0001288,671,Low
CUST0002705,678,Medium
CUST0001820,404,High
CUST0000807,480,High
CUST0002601,322,Low
CUST0002486,764,Medium
CUST0000949,356,Low
CUST0002189,557,High
CUST0000419,742,Medium
CUST0001008,829,Low
CUST0000467,320,High
CUST0001982,558,Medium
CUST0002096,357,Low
CUST0002189,639,High
CUST0001316,803,Low
CUST0000295,721,High
CUST0002695,796,High
CUST0001605,454,Low
CUST0002518,409,Low
CUST0001404,450,Low
CUST0001350,839,Medium
CUST0002226,656,Medium
CUST0002263,803,Medium
CUST0002869,790,High
CUST0002890,375,High
CUST0002351,596,Low
CUST0000078,685,Medium
CUST0001374,549,Medium
CUST0000422,649,Medium
CUST0002123,580,Low
CUST0000588,656,High
CUST0001662,346,High
CUST0000269,768,Medium
CUST0002974,745,Medium
CUST0001193,373,High
CUST0002907,428,Low
CUST0002932,834,Low
CUST0002273,395,High
CUST0002175,329,High
CUST0001458,730,Low
CUST0000451,415,High
CUST0001811,462,Low
CUST0002430,653,Low
CUST0002193,783,High
CUST0000522,329,Low
CUST0000002,367,Low
CUST0002695,520,High
CUST0002782,405,Low
CUST0002940,553,Medium
CUST0001865,368,High
CUST0002109,472,Medium
CUST0000258,335,Medium
CUST0001196,362,Medium
CUST0002841,721,Medium
CUST0001335,809,Medium
CUST0000460,765,High
CUST0002936,471,Medium
CUST0000753,769,Medium
CUST0002394,802,High
CUST0000188,548,Medium
CUST0002858,556,High
CUST0002879,717,Low
CUST0002764,766,High
CUST0001552,634,Medium
CUST0002997,744,Medium
CUST0001843,682,Medium
CUST0002032,618,Medium
CUST0001148,831,Low
CUST0001841,384,High
CUST0002148,729,High
CUST0000780,321,Low
CUST0002670,717,High
CUST0001941,677,Low
CUST0002221,428,High
CUST0000608,456,Medium
CUST0002165,831,Low
CUST0000988,430,High
CUST0002902,427,High
CUST0001640,563,Medium
CUST0000759,770,Medium
CUST0002174,700,Medium
CUST0001588,389,Low
CUST0001263,506,Low
CUST0002392,693,Medium
CUST0000250,574,Low
CUST0000582,521,Low
CUST0000293,450,High
CUST0001696,385,Low
CUST0002780,511,Medium
CUST0000780,622,Low
CUST0001693,319,High
CUST0002263,317,Medium
CUST0002049,531,Low
CUST0000709,831,Low
CUST0001073,773,Low
CUST0001153,825,High
CUST0000578,490,High
CUST0000613,547,High
CUST0001700,586,High
CUST0001888,661,Medium
CUST0000902,698,Low
CUST0000843,395,High
CUST0001204,830,Medium
CUST0002134,782,Low
CUST0001591,364,Low
CUST0000316,346,Low
CUST0002356,756,Low
CUST0002316,403,Medium
CUST0001810,659,High
CUST0000870,461,Low
CUST0001131,435,Medium
CUST0001305,747,Low
CUST0001996,486,Low
CUST0000486,549,High
CUST0002538,506,Medium
CUST0000604,504,High
CUST0000773,728,Low
CUST0000544,345,Low
CUST0000352,747,High
CUST0002988,393,High
CUST0002070,762,Medium
CUST0000804,324,Medium
CUST0000821,816,Medium
CUST0002138,441,Low
CUST0000310,570,Low
CUST0002076,738,High
CUST0002453,348,Low
CUST0002800,477,Low
CUST0000076,585,Low
CUST0000874,727,High
CUST0002667,434,High
CUST0002799,589,Medium
CUST0002005,800,Low
CUST0002726,735,High
CUST0000899,777,Low
CUST0000316,535,Medium
CUST0001971,529,Low
CUST0000303,592,Low
CUST0000801,568,High
CUST0001980,777,High
CUST0001532,576,Low
CUST0002111,550,Medium
CUST0002622,325,Medium
CUST0000444,558,Low
CUST0000664,496,High
CUST0001409,510,Low
CUST0001041,741,High
CUST0002525,621,Medium
CUST0001815,544,Medium
CUST0000459,331,Low
CUST0001689,506,High
CUST0001291,303,Medium
CUST0001415,575,High
CUST0000223,746,Medium
CUST0002686,637,High
CUST0001873,494,High
CUST0000207,747,High
CUST0001922,720,Low
CUST0002224,469,Low
CUST0000331,729,Low
CUST0001244,778,Medium
CUST0001256,477,Medium
CUST0001115,387,Low
CUST0001371,791,Low
CUST0001323,609,Low
CUST0000620,487,High
CUST0001245,840,High
CUST0000508,808,High
CUST0002500,693,High
CUST0002345,633,Low
CUST0000743,576,Low
CUST0000401,648,Low
CUST0000738,594,High
CUST0001065,644,Medium
CUST0000774,837,Low
CUST0001480,360,Low
CUST0001877,712,Low
CUST0000853,795,Medium
CUST0000256,325,High
CUST0002305,446,Low
CUST0002986,598,Low
CUST0001489,416,Low
CUST0002009,709,Low
CUST0000615,331,Low
CUST0001056,598,Low
CUST0000932,592,Low
CUST0002105,733,Medium
CUST0002641,656,Medium
CUST0002678,598,High
CUST0001044,554,High
CUST0000359,558,Low
CUST0002081,778,Low
CUST0001326,412,High
CUST0002677,467,High
CUST0001179,742,Low
CUST0001322,739,High
CUST0000241,400,Medium
CUST0002034,745,High
CUST0002641,474,High
CUST0001323,422,High
CUST0000740,316,High
CUST0001299,401,High
CUST0000440,669,High
CUST0002130,618,High
CUST0000206,760,High
CUST0000267,433,Medium
CUST0000098,687,High
CUST0001326,354,High
CUST0000595,547,High
CUST0000173,335,Medium
CUST0000568,453,Low
CUST0001575,812,Low
CUST0000975,346,Medium
CUST0001594,424,Low
CUST0002144,569,High
CUST0002416,721,Low
CUST0000518,522,High
CUST0002004,575,High
CUST0002995,783,Medium
CUST0000101,663,Low
CUST0001220,598,High
CUST0000143,797,Medium
CUST0002911,547,Low
CUST0000328,790,High
CUST0001392,583,High
CUST0000723,313,High
CUST0002694,680,Medium
CUST0002964,801,Medium
CUST0002972,485,Medium
CUST0002221,590,High
CUST0000719,757,Low
CUST0000849,591,Medium
CUST0000447,474,Low
CUST0001625,438,High
CUST0001455,741,High
CUST0000457,766,Medium
CUST0001509,626,Medium
CUST0002376,479,Low
CUST0001382,614,Low
CUST0002606,711,Medium
CUST0001630,495,Medium
CUST0001416,720,Low
CUST0001443,377,High
CUST0000872,794,Low
CUST0001309,777,Medium
CUST0001271,385,High
CUST0000571,674,Medium
CUST0000342,420,High
CUST0001287,564,Low
CUST0002634,653,High
CUST0001362,565,Medium
CUST0001344,581,Low
CUST0000090,812,Low
CUST0000562,425,High
CUST0000639,635,Low
CUST0000373,615,High
CUST0000318,560,Medium
CUST0002084,438,High
CUST0000816,692,Medium
CUST0001123,530,Low
CUST0000742,462,Medium
CUST0001069,336,High
CUST0002791,574,Medium
CUST0002576,752,High
CUST0002249,584,Low
CUST0001624,579,Low
CUST0002138,572,Low
CUST0001940,822,Medium
CUST0000497,339,Low
CUST0000161,801,Low
CUST0000052,413,Medium
CUST0002826,517,Medium
CUST0001046,526,Medium
CUST0000074,711,Low
CUST0000219,525,Low
CUST0000496,582,Medium
CUST0000737,797,Low
CUST0001755,614,Medium
CUST0001370,460,High
CUST0001902,634,High
CUST0001632,805,Medium
CUST0002061,451,High
CUST0000958,631,Low
CUST0000330,357,Medium
CUST0002632,837,Medium
CUST0002091,740,High
CUST0000878,320,High
CUST0000990,678,Low
CUST0002102,536,Low
CUST0002352,840,Medium
CUST0001578,747,Medium
CUST0002125,567,Medium
CUST0002910,551,High
CUST0000564,408,Low
CUST0001425,548,Low
CUST0000311,795,Low
CUST0000873,590,High
CUST0002793,417,High
CUST0001446,631,High
CUST0000704,828,Medium
CUST0001810,437,High
CUST0000929,370,Low
CUST0001604,503,Low
CUST0000428,468,High
CUST0002201,669,Medium
CUST0002177,724,High
CUST0000412,382,High
CUST0000822,414,High
CUST0000271,482,Medium
CUST0001917,517,Low
CUST0002523,575,Low
CUST0000311,416,Medium
CUST0001362,453,Low
CUST0002289,738,Low
CUST0002664,324,Medium
CUST0000994,622,High
CUST0000700,631,Low
CUST0002654,538,Medium
CUST0002615,535,Medium
CUST0002044,303,High
CUST0002343,847,High
CUST0002241,517,High
CUST0001575,428,Medium
CUST0000839,369,Low
CUST0002804,628,High
CUST0000347,345,Low
CUST0001513,809,High
CUST0001588,701,Low
CUST0001405,612,High
CUST0001968,601,High
CUST0001350,578,Low
CUST0002339,407,High
CUST0001646,761,Medium
CUST0002033,793,Low
CUST0000874,715,Medium
CUST0002189,367,Medium
CUST0002576,354,Low
CUST0001497,563,Low
CUST0000578,849,Medium
CUST0001575,583,Low
CUST0002168,832,High
CUST0000985,588,Medium
CUST0002308,834,Medium
CUST0001536,340,Low
CUST0001837,365,Low
CUST0002720,502,Medium
CUST0000297,365,High
CUST0002059,563,Low
CUST0002565,331,Low
CUST0001447,741,Medium
CUST0000345,750,Medium
CUST0001014,619,High
CUST0000115,819,High
CUST0000458,407,Low
CUST0000915,345,Medium
CUST0001661,526,Medium
CUST0000207,627,Low
CUST0002077,848,Low
CUST0000954,686,High
CUST0000775,459,Medium
CUST0002717,758,High
CUST0000106,485,Low
CUST0000854,756,Medium
CUST0000103,545,Low
CUST0001376,774,Medium
CUST0000640,328,Medium
CUST0000754,400,Medium
CUST0002001,434,High
CUST0001830,638,Medium
CUST0001470,656,High
CUST0000928,509,High
CUST0000651,396,Medium
CUST0000457,705,Low
CUST0000233,809,Medium
CUST0001900,609,Low
CUST0000418,462,Low
CUST0001980,611,High
CUST0000526,672,Medium
CUST0000376,468,High
CUST0001680,564,Low
CUST0000471,627,Medium
CUST0000482,802,High
CUST0000664,536,Medium
CUST0002497,535,Low
CUST0000650,368,Low
CUST0000554,354,Low
CUST0001750,693,High
CUST0002919,705,High
CUST0002625,699,Medium
CUST0000331,422,Medium
CUST0002158,755,High
CUST0000059,499,Low
CUST0002823,379,Medium
CUST0002890,593,Medium
CUST0002744,602,Low
CUST0000303,513,High
CUST0002635,432,Low
CUST0001490,751,High
CUST0001412,418,High
CUST0000216,328,High
CUST0000484,751,Medium
CUST0000958,815,Low
CUST0000757,494,Low
CUST0001363,447,High
CUST0002357,678,Low
CUST0002916,764,Medium
CUST0002225,351,High
CUST0001315,807,Medium
CUST0002812,542,High
CUST0001030,447,High
CUST0000468,700,Low
CUST0001266,609,High
CUST0000130,647,High
CUST0001967,316,High
CUST0002774,714,Low
CUST0002095,720,High
CUST0001076,329,Medium
CUST0000311,508,High
CUST0002800,430,Medium
CUST0000738,378,Low
CUST0000982,355,Medium
CUST0002959,727,High
CUST0002747,642,Low
CUST0001228,785,High
CUST0000358,717,High
CUST0002158,743,Low
CUST0000640,346,Low
CUST0001043,789,Low
CUST0002391,362,Low
CUST0000331,560,Medium
CUST0000348,766,Medium
CUST0001457,488,Medium
CUST0000878,495,High
CUST0001682,706,High
CUST0002471,827,Medium
CUST0002913,648,Medium
CUST0000205,697,Medium
CUST0000503,648,Low
CUST0000103,582,High
CUST0000027,434,High
CUST0001009,532,Medium
CUST0001660,567,Low
CUST0002368,436,Low
CUST0001363,424,Medium
CUST0001337,412,Medium
CUST0002916,477,Medium
CUST0000941,622,Medium
CUST0000707,542,Low
CUST0001346,743,Medium
CUST0002507,430,High
CUST0001369,596,Low
CUST0000150,306,High
CUST0002715,756,High
CUST0001601,663,Low
CUST0000855,680,Low
CUST0002163,780,High
CUST0002173,582,High
CUST0001031,739,High
CUST0002481,686,Low
CUST0000980,688,High
CUST0001982,513,Low
CUST0001521,716,Low
CUST0002587,515,Medium
CUST0000701,365,Low
CUST0000222,519,Medium
CUST0002045,678,High
CUST0002327,465,Low
CUST0001085,480,Medium
CUST0001104,540,Low
CUST0001564,542,Low
CUST0001349,641,High
CUST0002554,722,Medium
CUST0002168,827,High
CUST0001285,785,High
CUST0002562,343,Low
CUST0000844,702,Low
CUST0001555,661,Medium
CUST0001493,703,High
CUST0002063,565,High
CUST0001982,691,High
CUST0000648,751,Low
CUST0001886,505,Low
CUST0001556,384,Medium
CUST0000606,823,Medium
CUST0001779,788,Medium
CUST0002157,555,High
CUST0001316,548,High
CUST0000205,479,Low
CUST0002886,533,High
CUST0001626,782,Low
CUST0002688,359,Low
CUST0001343,781,Low
CUST0002677,546,Low
CUST0001290,736,High
CUST0001890,781,Low
CUST0001862,651,Medium
CUST0000038,479,Low
CUST0001149,672,Medium
CUST0002960,642,Medium
CUST0001956,645,Low
CUST0001388,683,Low
CUST0000748,713,Low
CUST0001029,444,High
CUST0000337,624,High
CUST0002021,443,Medium
CUST0002380,761,Low
CUST0001702,565,High
CUST0000969,822,Low
CUST0001099,456,Low
CUST0002447,800,Medium
CUST0002486,686,Medium
CUST0002356,688,High
CUST0000287,788,Low
CUST0001651,488,Low
CUST0000071,477,High
CUST0000977,502,High
CUST0000061,671,Low
CUST0001651,631,Medium
CUST0000079,766,Low
CUST0002176,680,Low
CUST0002139,423,Medium
CUST0000186,619,High
CUST0000266,562,Medium
CUST0002895,389,Medium
CUST0000684,385,Medium
CUST0000656,426,Low
CUST0002434,803,Medium
CUST0001347,574,High
CUST0000082,379,Medium
CUST0000771,436,Low
CUST0002877,695,High
CUST0001964,735,Low
CUST0000687,568,Low
CUST0000015,527,Low
CUST0000398,734,Low
CUST0001118,633,Low
CUST0002940,482,Medium
CUST0002378,731,High
CUST0000386,486,High
CUST0001984,314,Medium
CUST0002989,410,Medium
CUST0000597,316,Medium
CUST0001052,820,Low
CUST0001222,804,Medium
CUST0000487,678,Medium
CUST0002248,457,Low
CUST0000685,478,Medium
CUST0000712,407,High
CUST0001941,563,High
CUST0000566,413,Low
CUST0001958,726,Medium
CUST0000239,709,Low
CUST0001947,452,Low
CUST0001677,608,Low
CUST0002163,679,Low
CUST0002524,428,Low
CUST0001770,309,High
CUST0002678,827,Low
CUST0000602,803,Low
CUST0001891,697,High
CUST0000029,824,Medium
CUST0001614,507,Medium
CUST0000517,534,Medium
CUST0001145,406,Low
CUST0001896,794,Low
CUST0002625,585,Low
CUST0002903,447,Low
CUST0000166,530,High
CUST0000449,482,High
CUST0002591,642,Low
CUST0000798,660,Medium
CUST0001911,777,High
CUST0001149,808,High
CUST0001562,605,Medium
CUST0000861,547,Low
CUST0002490,594,Low
CUST0002094,354,Medium
CUST0002815,795,Medium
CUST0002602,632,Low
CUST0002436,816,Low
CUST0000763,744,Medium
CUST0001056,503,Low
CUST0002740,715,Low
CUST0000688,715,Low
