transaction_id,fraud_flag,fraud_score
TRX0002530,0,0.155
TRX0001543,0,0.677
TRX0000916,0,0.927
TRX0002283,0,0.477
TRX0000999,0,0.261
TRX0001024,0,0.298
TRX0001630,0,0.126
TRX0002672,0,0.409
TRX0001352,0,0.944
TRX0002353,0,0.342
TRX0002422,0,0.742
TRX0001934,0,0.388
TRX0000815,0,0.577
TRX0000280,0,0.805
TRX0002346,0,0.859
TRX0000592,0,0.749
TRX0002188,0,0.356
TRX0000737,0,0.591
TRX0002295,0,0.217
TRX0001645,0,0.375
TRX0000642,0,0.571
TRX0001091,0,0.473
TRX0002049,0,0.152
TRX0000570,0,0.704
TRX0000099,0,0.118
TRX0002541,0,0.628
TRX0000481,0,0.125
TRX0000146,0,0.456
TRX0000941,0,0.354
TRX0001055,0,0.804
TRX0000391,0,0.839
TRX0001137,0,0.859
TRX0001009,0,0.199
TRX0001775,0,0.76
TRX0002286,0,0.564
TRX0000896,0,0.087
TRX0000074,0,0.442
TRX0000482,0,0.619
TRX0001860,0,0.909
TRX0000931,0,0.719
TRX0000550,0,0.348
TRX0000236,0,0.017
TRX0001029,0,0.024
TRX0002259,0,0.562
TRX0000768,0,0.448
TRX0001183,0,0.858
TRX0000616,1,0.968
TRX0000569,0,0.849
TRX0001915,0,0.665
TRX0001187,0,0.79
TRX0000584,0,0.967
TRX0002552,0,0.689
TRX0001555,0,0.073
TRX0001565,0,0.821
TRX0001681,0,0.397
TRX0002753,0,0.681
TRX0001468,0,0.741
TRX0001306,0,0.022
TRX0002590,0,0.029
TRX0001068,0,0.908
TRX0002482,0,0.519
TRX0000149,0,0.833
TRX0000845,0,0.813
TRX0002989,0,0.186
TRX0002424,0,0.18
TRX0000295,1,0.741
TRX0001400,0,0.313
TRX0001397,0,0.98
TRX0000896,0,0.208
TRX0002242,0,0.238
TRX0001343,0,0.269
TRX0002490,0,0.465
TRX0002890,0,0.618
TRX0000039,0,0.216
TRX0002401,0,0.384
TRX0000922,0,0.487
TRX0001826,0,0.842
TRX0002021,1,0.541
TRX0001409,0,0.853
TRX0002760,0,0.62
TRX0002249,0,0.762
TRX0001011,0,0.692
TRX0002966,0,0.51
TRX0002897,0,0.798
TRX0001560,0,0.259
TRX0002593,0,0.527
TRX0000910,0,0.344
TRX0002161,0,0.787
TRX0002444,0,0.966
TRX0000169,0,0.124
TRX0000362,0,0.087
TRX0002949,0,0.219
TRX0000904,0,0.319
TRX0002929,0,0.549
TRX0001599,0,0.179
TRX0000369,0,0.495
TRX0001443,0,0.546
TRX0001722,0,0.444
TRX0002722,0,0.661
TRX0002903,0,0.477
TRX0001303,0,0.596
TRX0001800,0,0.506
TRX0002575,0,0.259
TRX0000618,0,0.056
TRX0002404,0,0.729
TRX0001621,0,0.51
TRX0001118,1,0.403
TRX0001447,0,0.034
TRX0002330,0,0.756
TRX0002530,0,0.166
TRX0001040,0,0.438
TRX0002187,0,0.894
TRX0001348,0,0.274
TRX0002058,0,0.864
TRX0000277,0,0.906
TRX0001941,1,0.563
TRX0002213,0,0.7
TRX0000215,0,0.748
TRX0000278,0,0.054
TRX0001282,0,0.919
TRX0002935,0,0.526
TRX0001460,0,0.632
TRX0001817,0,0.896
TRX0002567,0,0.33
TRX0001923,0,0.338
TRX0000634,0,0.87
TRX0001718,0,0.437
TRX0001092,0,0.614
TRX0000027,0,0.749
TRX0002880,0,0.008
TRX0001856,0,0.576
TRX0000160,0,0.888
TRX0001416,0,0.246
TRX0001073,0,0.122
TRX0001347,0,0.018
TRX0000388,0,0.19
TRX0001815,0,0.547
TRX0000473,0,0.85
TRX0000352,0,0.431
TRX0002169,0,0.436
TRX0002627,0,0.589
TRX0002116,0,0.367
TRX0001425,0,0.72
TRX0001573,0,0.624
TRX0001508,0,0.746
TRX0002200,0,0.5
TRX0001196,0,0.847
TRX0001624,0,0.131
TRX0000261,0,0.92
TRX0001999,0,0.802
TRX0001981,0,0.067
TRX0001960,0,0.228
TRX0000729,0,0.062
TRX0002267,0,0.157
TRX0000330,0,0.326
TRX0000620,0,0.937
TRX0001187,0,0.416
TRX0002425,0,0.197
TRX0002483,0,0.958
TRX0002693,0,0.762
TRX0001001,0,0.853
TRX0001391,0,0.645
TRX0000323,0,0.608
TRX0000886,1,0.929
TRX0001077,0,0.713
TRX0000375,0,0.747
TRX0000433,0,0.591
TRX0001048,0,0.075
TRX0000054,0,0.346
TRX0002756,0,0.961
TRX0002512,0,0.578
TRX0000125,0,0.896
TRX0001049,0,0.086
TRX0001055,0,0.671
TRX0000746,0,0.651
TRX0000387,0,0.962
TRX0001632,0,0.27
TRX0000479,0,0.104
TRX0002872,0,0.119
TRX0002122,0,0.539
TRX0001266,0,0.165
TRX0002695,0,0.997
TRX0001549,0,0.649
TRX0001150,0,0.532
TRX0002667,0,0.158
TRX0002942,0,0.938
TRX0000408,0,0.868
TRX0001837,0,0.342
TRX0000440,0,0.075
TRX0000541,0,0.723
TRX0001140,0,0.183
TRX0000567,0,0.842
TRX0000742,0,0.63
TRX0000346,0,0.569
TRX0001416,0,0.195
TRX0001202,0,0.676
TRX0001851,0,0.145
TRX0001654,0,0.144
TRX0001259,0,0.549
TRX0002688,0,0.38
TRX0002699,0,0.879
TRX0001324,0,0.471
TRX0002324,0,0.591
TRX0001091,0,0.885
TRX0002740,0,0.307
TRX0002824,0,0.227
TRX0001185,0,0.572
TRX0000154,0,0.302
TRX0000190,0,0.171
TRX0001665,0,0.893
TRX0002066,0,0.799
TRX0000987,0,0.511
TRX0001940,0,0.557
TRX0002779,0,0.325
TRX0002992,0,0.702
TRX0002403,0,0.216
TRX0002082,0,0.365
TRX0000236,0,0.277
TRX0002483,0,0.591
TRX0002739,0,0.35
TRX0002976,0,0.15
TRX0000748,0,0.774
TRX0000459,0,0.236
TRX0000562,0,0.545
TRX0002621,0,0.561
TRX0002296,0,0.515
TRX0002605,0,0.717
TRX0001004,0,0.342
TRX0000329,0,0.635
TRX0000632,0,0.572
TRX0000945,0,0.886
TRX0001512,0,0.987
TRX0000940,0,0.887
TRX0001095,0,0.116
TRX0000173,0,0.006
TRX0000320,0,0.38
TRX0001093,0,0.84
TRX0000370,0,0.92
TRX0002606,0,0.088
TRX0000696,0,0.241
TRX0002463,0,0.845
TRX0002148,0,0.929
TRX0000721,0,0.001
TRX0000309,0,0.665
TRX0000831,0,0.708
TRX0002081,0,0.741
TRX0001046,0,0.094
TRX0000378,0,0.299
TRX0001226,0,0.942
TRX0000997,1,0.108
TRX0001162,0,0.473
TRX0000371,0,0.867
TRX0002093,0,0.522
TRX0000591,0,0.735
TRX0000623,1,0.84
TRX0001831,0,0.255
TRX0001917,0,0.769
TRX0002018,0,0.606
TRX0000084,0,0.608
TRX0000312,0,0.864
TRX0001081,0,0.304
TRX0000503,0,0.081
TRX0002059,1,0.938
TRX0000201,0,0.012
TRX0000848,0,0.028
TRX0001627,0,0.73
TRX0001169,0,0.295
TRX0002066,0,0.236
TRX0002007,0,0.583
TRX0000277,0,0.308
TRX0001217,0,0.405
TRX0000548,0,0.721
TRX0002831,0,0.423
TRX0000599,0,0.186
TRX0000697,0,0.303
TRX0002693,0,0.542
TRX0001591,0,0.585
TRX0001043,0,0.424
TRX0002538,0,0.94
TRX0000689,0,0.609
TRX0000682,0,0.693
TRX0002427,0,0.627
TRX0000043,0,0.542
TRX0002982,0,0.011
TRX0002393,0,0.015
TRX0000380,1,0.408
TRX0002432,0,0.637
TRX0000428,0,0.596
TRX0000693,0,0.85
TRX0001635,0,0.877
TRX0001459,0,0.028
TRX0002085,0,0.471
TRX0000342,0,0.36
TRX0002581,0,0.306
TRX0002195,0,0.227
TRX0001475,0,0.516
TRX0001336,0,0.928
TRX0002113,0,0.723
TRX0001974,0,0.652
TRX0002562,0,0.565
TRX0001570,0,0.465
TRX0000369,0,0.373
TRX0001941,0,0.605
TRX0000938,0,0.08
TRX0001101,0,0.932
TRX0001869,0,0.501
TRX0001921,0,0.817
TRX0000187,0,0.919
TRX0001513,0,0.918
TRX0001564,0,0.64
TRX0002130,0,0.039
TRX0002983,0,0.204
TRX0002136,0,0.75
TRX0002354,0,0.673
TRX0002948,0,0.984
TRX0001031,0,0.171
TRX0002488,0,0.026
TRX0001030,0,0.578
TRX0000425,0,0.811
TRX0001661,0,0.998
TRX0000134,0,0.889
TRX0001700,0,0.283
TRX0000017,0,0.947
TRX0000233,0,0.998
TRX0002204,0,0.758
TRX0000765,0,0.701
TRX0001513,0,0.174
TRX0000338,0,0.163
TRX0000223,0,0.253
TRX0002275,0,0.722
TRX0001535,0,0.976
TRX0000083,0,0.29
TRX0002864,0,0.662
TRX0001767,0,0.149
TRX0002465,0,0.579
TRX0001814,0,0.915
TRX0000833,0,0.258
TRX0000281,0,0.152
TRX0001667,0,0.474
TRX0001354,1,0.386
TRX0000678,0,0.016
TRX0001557,0,0.012
TRX0001049,0,0.142
TRX0000054,0,0.359
TRX0002797,0,0.413
TRX0001766,0,0.184
TRX0000232,0,0.938
TRX0001366,0,0.28
TRX0000349,0,0.569
TRX0000223,0,0.213
TRX0002525,0,0.717
TRX0000559,0,0.3
TRX0000336,0,0.774
TRX0000217,0,0.483
TRX0000594,0,0.667
TRX0001836,0,0.442
TRX0002607,0,0.217
TRX0001333,0,0.896
TRX0001532,0,0.674
TRX0000934,0,0.203
TRX0000784,0,0.508
TRX0001184,0,0.961
TRX0000106,0,0.549
TRX0000261,0,0.287
TRX0000839,0,0.41
TRX0002351,0,0.345
TRX0001953,0,0.27
TRX0001311,0,0.796
TRX0000038,0,0.554
TRX0001106,0,0.739
TRX0001244,0,0.364
TRX0002949,0,0.151
TRX0000970,0,0.843
TRX0001356,0,0.925
TRX0002354,0,0.469
TRX0001447,0,0.132
TRX0002630,0,0.783
TRX0001307,0,0.735
TRX0001490,0,0.401
TRX0002226,0,0.757
TRX0002276,0,0.44
TRX0001876,0,0.771
TRX0000161,0,0.289
TRX0000687,0,0.373
TRX0001376,0,0.495
TRX0001717,0,0.753
TRX0000268,0,0.19
TRX0000482,0,0.477
TRX0002238,0,0.982
TRX0000682,0,0.131
TRX0002181,0,0.262
TRX0000972,0,0.899
TRX0002765,0,0.909
TRX0002836,0,0.564
TRX0000733,0,0.845
TRX0001131,0,0.227
TRX0000923,0,0.476
TRX0000379,0,0.508
TRX0001453,0,0.956
TRX0001899,0,0.855
TRX0002275,0,0.887
TRX0000858,0,0.909
TRX0001924,1,0.236
TRX0002759,0,0.002
TRX0002478,0,0.154
TRX0001715,0,0.75
TRX0002528,0,0.825
TRX0000158,0,0.404
TRX0001713,0,0.571
TRX0002638,0,0.915
TRX0001886,0,0.256
TRX0002250,0,0.725
TRX0002759,0,0.601
TRX0002881,0,0.082
TRX0002955,0,0.096
TRX0000975,0,0.414
TRX0000210,0,0.611
TRX0000942,0,0.073
TRX0002032,0,0.758
TRX0001469,0,0.866
TRX0000893,0,0.263
TRX0002737,0,0.988
TRX0000854,0,0.164
TRX0001048,0,0.632
TRX0000639,0,0.017
TRX0001450,0,0.3
TRX0001641,0,0.669
TRX0002509,0,0.495
TRX0002522,0,0.629
TRX0001533,0,0.075
TRX0001925,0,0.734
TRX0001760,1,0.753
TRX0001084,0,0.601
TRX0000561,0,0.861
TRX0002297,0,0.083
TRX0001746,0,0.617
TRX0000474,0,0.519
TRX0002176,0,0.257
TRX0001872,0,0.079
TRX0002329,0,0.892
TRX0002371,0,0.933
TRX0000707,0,0.462
TRX0002526,0,0.81
TRX0001970,0,0.941
TRX0002917,0,0.084
TRX0000888,0,0.737
TRX0002365,0,0.476
TRX0001046,1,0.939
TRX0001274,0,0.93
TRX0001384,0,0.173
TRX0001021,0,0.15
TRX0001889,0,0.917
TRX0000900,0,0.169
TRX0001580,0,0.447
TRX0001978,0,0.725
TRX0002971,0,0.908
TRX0001810,0,0.025
TRX0001324,1,0.452
TRX0000864,0,0.92
TRX0002228,0,0.666
TRX0000787,0,0.359
TRX0002635,0,0.678
TRX0001569,0,0.146
TRX0001057,0,0.991
TRX0000991,0,0.415
TRX0001571,0,0.261
TRX0000602,0,0.362
TRX0002583,0,0.936
TRX0001567,0,0.921
TRX0001033,0,0.683
TRX0001528,0,0.012
TRX0002210,0,0.743
TRX0000651,0,0.412
TRX0000489,0,0.363
TRX0001083,0,0.252
TRX0001769,0,0.417
TRX0002257,1,0.677
TRX0002229,0,0.713
TRX0000604,0,0.527
TRX0000357,0,0.734
TRX0002303,0,0.63
TRX0002739,0,0.369
TRX0000061,0,0.005
TRX0002569,0,0.836
TRX0002956,0,0.498
TRX0001005,0,0.249
TRX0002900,0,0.47
TRX0001682,0,0.797
TRX0000407,0,0.777
TRX0002863,0,0.592
TRX0002040,0,0.576
TRX0000285,0,0.953
TRX0002083,0,0.559
TRX0000690,0,0.768
TRX0002356,0,0.38
TRX0002469,0,0.116
TRX0002556,0,0.25
TRX0002356,0,0.949
TRX0001087,0,0.923
TRX0001426,0,0.108
TRX0001229,0,0.155
TRX0002740,0,0.71
TRX0001124,0,0.855
TRX0000245,0,0.548
TRX0001396,0,0.62
TRX0000660,0,0.456
TRX0002502,0,0.578
TRX0001620,0,0.383
TRX0001911,0,0.825
TRX0000861,0,0.163
TRX0000926,0,0.204
TRX0000822,0,0.046
TRX0001047,0,0.253
TRX0001466,0,0.372
TRX0002790,0,0.056
TRX0002108,0,0.229
TRX0002180,0,0.312
TRX0001596,0,0.243
TRX0002085,0,0.905
TRX0001267,0,0.849
TRX0002879,0,0.245
TRX0002450,0,0.594
TRX0002605,0,0.04
TRX0000498,0,0.636
TRX0002606,0,0.506
TRX0001039,0,0.947
TRX0001735,0,0.241
TRX0001903,0,0.464
TRX0002961,0,0.517
TRX0000055,0,0.074
TRX0000007,0,0.562
TRX0001388,0,0.389
TRX0001296,0,0.506
TRX0001549,0,0.12
TRX0001472,0,0.266
TRX0001145,0,0.898
TRX0001809,0,0.586
TRX0000652,0,0.682
TRX0002228,0,0.188
TRX0001656,0,0.221
TRX0002482,0,0.084
TRX0002772,0,0.207
TRX0000591,0,0.083
TRX0002725,0,0.484
TRX0002304,0,0.207
TRX0001456,0,0.17
TRX0001986,1,0.404
TRX0002710,0,0.897
TRX0000056,0,0.869
TRX0002333,0,0.211
TRX0000102,1,0.481
TRX0002434,0,0.402
TRX0000514,1,0.008
TRX0002558,0,0.732
TRX0002644,0,0.398
TRX0002439,0,0.085
TRX0001123,0,0.344
TRX0000628,0,0.682
TRX0001264,0,0.416
TRX0000931,0,0.307
TRX0001700,0,0.84
TRX0000286,0,0.936
TRX0000119,0,0.523
TRX0000585,0,0.971
TRX0000889,0,0.414
TRX0000224,0,0.414
TRX0002810,0,0.609
TRX0001268,1,0.851
TRX0000487,0,0.884
TRX0001293,0,0.141
TRX0001022,0,0.139
TRX0000616,1,0.206
TRX0002310,0,0.478
TRX0002648,0,0.911
TRX0000167,1,0.399
TRX0000162,0,0.528
TRX0000163,0,0.772
TRX0000911,0,0.318
TRX0002346,0,0.39
TRX0001070,0,0.062
TRX0001540,0,0.241
TRX0000435,0,0.405
TRX0001351,0,0.343
TRX0001990,0,0.746
TRX0002459,0,0.365
TRX0002909,0,0.388
TRX0001273,0,0.26
TRX0000803,0,0.33
TRX0000150,0,0.109
TRX0000629,0,0.269
TRX0000660,0,0.575
TRX0002080,0,0.534
TRX0002543,0,0.651
TRX0000872,0,0.849
TRX0001209,0,0.658
TRX0001821,0,0.858
TRX0001001,0,0.4
TRX0002171,0,0.082
TRX0002404,1,0.684
TRX0002436,0,0.042
TRX0001893,0,0.536
TRX0002107,0,0.174
TRX0000413,0,0.05
TRX0000449,0,0.969
TRX0001245,0,0.334
TRX0001188,0,0.787
TRX0002912,1,0.088
TRX0001867,1,0.701
TRX0001452,0,0.73
TRX0001310,0,0.277
TRX0000139,0,0.848
TRX0002310,0,0.039
TRX0000260,0,0.341
TRX0000417,0,0.704
TRX0000901,0,0.838
TRX0002168,0,0.477
TRX0002290,0,0.971
TRX0002561,0,0.987
TRX0002746,0,0.417
TRX0001311,0,0.433
TRX0002288,0,0.86
TRX0002485,0,0.401
TRX0001550,0,0.092
TRX0001452,0,0.263
TRX0002979,0,0.573
TRX0002777,0,0.254
TRX0002050,0,0.197
TRX0000909,0,0.59
TRX0000975,0,0.084
TRX0002693,0,0.535
TRX0001655,0,0.374
TRX0000586,1,0.582
TRX0002417,0,0.667
TRX0002457,0,0.306
TRX0000071,0,0.135
TRX0002731,0,0.36
TRX0001618,0,0.921
TRX0002586,0,0.119
TRX0002214,0,0.696
TRX0000680,0,0.156
TRX0002032,0,0.808
TRX0000281,0,0.292
TRX0002132,0,0.603
TRX0002230,0,0.251
TRX0001056,0,0.798
TRX0001663,0,0.413
TRX0002686,0,0.778
TRX0002879,0,0.596
TRX0000362,0,0.604
TRX0002519,0,0.053
TRX0000548,0,0.933
TRX0002573,0,0.058
TRX0000883,0,0.349
TRX0000182,0,0.893
TRX0002773,1,0.632
TRX0001437,0,0.158
TRX0002302,0,0.896
TRX0002903,0,0.842
TRX0002965,0,0.927
TRX0000676,0,0.404
TRX0001011,0,0.249
TRX0000838,1,0.791
TRX0001571,0,0.51
TRX0000539,0,0.878
TRX0002969,0,0.235
TRX0001504,0,0.339
TRX0002561,0,0.509
TRX0001005,0,0.939
TRX0002627,0,0.065
TRX0000019,0,0.475
TRX0001812,0,0.089
TRX0000945,0,0.867
TRX0001758,0,0.946
TRX0001335,0,0.354
TRX0000489,0,0.053
TRX0000157,0,0.659
TRX0001419,0,0.216
TRX0002166,0,0.963
TRX0000549,0,0.109
TRX0002059,0,0.79
TRX0000913,0,0.005
TRX0000391,0,0.794
TRX0000645,0,0.758
TRX0000078,0,0.416
TRX0002667,0,0.595
TRX0001261,0,0.003
TRX0000452,0,0.321
TRX0000988,1,0.237
TRX0002133,0,0.788
TRX0000120,0,0.014
TRX0002734,0,0.528
TRX0000540,0,0.959
TRX0002579,0,0.727
TRX0002996,0,0.574
TRX0001846,0,0.502
TRX0002087,0,0.582
TRX0001512,0,0.555
TRX0001857,0,0.902
TRX0000577,0,0.254
TRX0001074,0,0.317
TRX0001789,0,0.024
TRX0001764,0,0.078
TRX0002736,0,0.08
TRX0002383,0,0.414
TRX0001359,0,0.905
TRX0002979,0,0.785
TRX0001125,0,0.801
TRX0001954,0,0.224
TRX0001102,0,0.914
TRX0002987,0,0.239
TRX0000552,0,0.159
TRX0002064,0,0.452
TRX0001519,0,0.855
TRX0002294,0,0.618
TRX0000958,1,0.998
TRX0001279,1,0.215
TRX0001048,0,0.864
TRX0002604,0,0.312
TRX0002741,0,0.869
TRX0000399,0,0.004
TRX0002773,0,0.793
TRX0000013,0,0.649
TRX0000655,0,0.586
TRX0000647,0,0.726
TRX0000255,0,0.232
TRX0002610,0,0.329
TRX0001243,0,0.147
TRX0002018,0,0.587
TRX0001337,0,0.469
TRX0002180,0,0.464
TRX0002609,0,0.574
TRX0002329,0,0.584
TRX0001457,1,0.324
TRX0001930,0,0.227
TRX0002321,0,0.149
TRX0000962,0,0.861
TRX0000159,0,0.025
TRX0001677,0,0.516
TRX0000310,0,0.106
TRX0001400,0,0.92
TRX0002278,0,0.86
TRX0000099,1,0.371
TRX0001184,0,0.076
TRX0002163,0,0.275
TRX0002807,0,0.32
TRX0001794,0,0.648
TRX0002797,1,0.744
TRX0002905,0,0.878
TRX0001486,0,0.51
TRX0002739,0,0.153
TRX0002285,0,0.157
TRX0002337,0,0.057
TRX0002523,0,0.068
TRX0001150,0,0.848
TRX0002759,1,0.476
TRX0000458,0,0.762
TRX0002728,0,0.276
TRX0000563,1,0.548
TRX0001339,1,0.51
TRX0000018,0,0.741
TRX0000178,0,0.453
TRX0001526,0,0.905
TRX0000268,0,0.057
TRX0000885,0,0.179
TRX0000996,0,0.924
TRX0000146,0,0.154
TRX0002462,0,0.7
TRX0001502,0,0.405
TRX0001228,0,0.242
TRX0002909,0,0.394
TRX0000886,0,0.593
TRX0002084,0,0.621
TRX0001428,0,0.011
TRX0002282,0,0.575
TRX0002024,0,0.355
TRX0002815,0,0.188
TRX0000594,0,0.501
TRX0001874,0,0.92
TRX0001973,0,0.783
TRX0002296,0,0.609
TRX0000713,0,0.661
TRX0001877,0,0.086
TRX0001634,0,0.432
TRX0000430,0,0.293
TRX0000233,0,0.458
TRX0001675,0,0.782
TRX0000030,0,0.202
TRX0000057,0,0.269
TRX0002807,0,0.549
TRX0002144,0,0.316
TRX0002569,0,0.293
TRX0002287,0,0.108
TRX0000235,0,0.632
TRX0002627,0,0.053
TRX0000157,0,0.682
TRX0002779,1,0.556
TRX0001251,0,0.058
TRX0001026,0,0.113
TRX0001712,0,0.041
TRX0001529,0,0.635
TRX0000679,0,0.918
TRX0002587,0,0.644
TRX0001905,0,0.446
TRX0001203,0,0.128
TRX0001791,0,0.192
TRX0002908,0,0.739
TRX0000499,0,0.655
TRX0002651,0,0.669
TRX0000767,0,0.721
TRX0001273,0,0.734
TRX0001466,0,0.226
TRX0000296,0,0.67
TRX0001133,0,0.245
TRX0001218,0,0.812
TRX0001848,0,0.288
TRX0000706,0,0.334
TRX0000821,0,0.864
TRX0000836,0,0.253
TRX0000533,0,0.066
TRX0002393,0,0.989
TRX0000414,0,0.053
TRX0001344,0,0.528
TRX0001664,0,0.054
TRX0002084,0,0.769
TRX0002987,0,0.148
TRX0000991,0,0.996
TRX0000780,0,0.147
TRX0000777,0,0.105
TRX0001333,0,0.566
TRX0001052,0,0.34
TRX0001004,0,0.354
TRX0000148,0,0.954
TRX0001036,0,0.781
TRX0000383,0,0.186
TRX0001209,0,0.864
TRX0000710,0,0.351
TRX0000233,0,0.529
TRX0000363,0,0.674
TRX0002874,1,0.796
TRX0000076,0,0.234
TRX0001813,0,0.732
TRX0001312,0,0.487
TRX0002282,0,0.263
TRX0001937,0,0.153
TRX0002047,0,0.657
TRX0002223,1,0.468
TRX0002045,0,0.112
TRX0001967,0,0.148
TRX0001215,0,0.315
TRX0001599,0,0.966
TRX0001660,0,0.534
TRX0002574,0,0.191
TRX0000906,0,0.925
TRX0000100,0,0.859
TRX0002724,0,0.793
TRX0001989,0,0.124
TRX0002937,0,0.588
TRX0001537,0,0.18
TRX0002505,0,0.226
TRX0000028,0,0.276
TRX0000540,0,0.324
TRX0002735,0,0.479
TRX0000233,0,0.919
TRX0002033,0,0.465
TRX0000991,0,0.015
TRX0000212,0,0.576
TRX0001251,0,0.786
TRX0002109,0,0.156
TRX0001272,0,0.667
TRX0002770,0,0.548
TRX0000637,0,0.854
TRX0001062,0,0.623
TRX0002452,1,0.318
TRX0000435,0,0.726
TRX0001201,0,0.741
TRX0001515,0,0.435
TRX0002946,0,0.912
TRX0002454,0,0.736
TRX0000519,0,0.253
TRX0002374,0,0.529
TRX0000344,1,0.85
TRX0001343,0,0.121
TRX0002446,0,0.405
TRX0000653,0,0.897
TRX0001137,0,0.899
TRX0001230,0,0.446
TRX0000999,0,0.239
TRX0002966,0,0.403
TRX0001219,0,0.926
TRX0002700,0,0.651
TRX0002755,0,0.864
TRX0000835,0,0.773
TRX0001312,0,0.549
TRX0001781,0,0.414
TRX0002004,0,0.866
TRX0000637,0,0.899
TRX0000606,0,0.419
TRX0001959,0,0.303
TRX0002554,0,0.419
TRX0002181,0,0.865
TRX0002462,0,0.178
TRX0001394,0,0.617
TRX0000503,0,0.971
TRX0002299,0,0.828
TRX0002407,0,0.566
TRX0002113,1,0.579
TRX0000434,0,0.993
TRX0000180,0,0.824
TRX0002305,0,0.552
TRX0001383,0,0.476
TRX0000716,0,0.284
TRX0001570,0,0.12
TRX0000233,0,0.719
TRX0001317,0,0.844
TRX0002204,0,0.311
TRX0000435,0,0.099
TRX0002574,0,0.392
TRX0002877,0,0.321
TRX0001221,0,0.37
TRX0002822,0,0.856
TRX0002659,1,0.765
TRX0002676,0,0.31
TRX0002315,0,0.982
TRX0002831,0,0.851
TRX0001061,0,0.57
TRX0000689,0,0.548
TRX0001618,0,0.22
TRX0000747,0,0.8
TRX0002677,0,0.837
TRX0002096,0,0.802
TRX0002443,0,0.422
TRX0001336,0,0.195
TRX0000897,0,0.487
TRX0001280,0,0.151
TRX0000850,0,0.934
TRX0000661,0,0.705
TRX0001100,0,0.183
TRX0002301,0,0.791
TRX0001212,0,0.844
TRX0000743,0,0.553
TRX0001219,0,0.357
TRX0000423,0,0.335
TRX0000396,0,0.525
TRX0000407,0,0.252
TRX0000017,0,0.582
TRX0001857,0,0.704
TRX0000199,0,0.936
TRX0001078,0,0.915
TRX0002697,0,0.361
TRX0000400,0,0.001
TRX0002311,0,0.454
TRX0002351,0,0.52
TRX0002814,0,0.8
TRX0001697,0,0.956
TRX0002027,0,0.1
TRX0001925,0,0.907
TRX0002024,0,0.637
TRX0001460,0,0.154
TRX0002005,0,0.663
TRX0000900,0,0.394
TRX0001894,0,0.222
TRX0000715,0,0.867
TRX0000605,0,0.251
TRX0000427,0,0.941
TRX0001744,0,0.221
TRX0000600,0,0.645
TRX0001285,0,0.966
TRX0001028,0,0.956
TRX0000985,0,0.021
TRX0002609,0,0.567
TRX0000361,0,0.923
TRX0002202,0,0.643
TRX0002628,0,0.245
TRX0002382,0,0.877
TRX0000169,0,0.481
TRX0002071,0,0.401
TRX0001670,0,0.746
TRX0002873,0,0.959
TRX0002664,0,0.084
TRX0002819,0,0.978
TRX0002113,0,0.467
TRX0002561,0,0.161
TRX0000446,0,0.971
TRX0001243,0,0.793
TRX0002897,1,0.988
TRX0000350,0,0.964
TRX0002643,0,0.082
TRX0002742,0,0.295
TRX0002710,0,0.258
TRX0000430,0,0.811
TRX0000032,0,0.343
TRX0001461,0,0.96
TRX0001173,0,0.089
TRX0001272,0,0.456
TRX0002979,0,0.358
TRX0002209,0,0.21
TRX0000060,0,0.264
TRX0001318,0,0.242
TRX0000702,0,0.318
TRX0002963,0,0.07
TRX0000492,0,0.393
TRX0001034,0,0.393
TRX0000187,0,0.293
TRX0002018,0,0.495
TRX0000200,0,0.084
TRX0002665,0,0.744
TRX0002801,0,0.464
TRX0002481,0,0.996
TRX0001118,0,0.679
TRX0002571,0,0.022
TRX0000018,0,0.532
TRX0001907,0,0.555
TRX0002322,0,0.327
TRX0001531,0,0.782
TRX0002813,0,0.473
TRX0002989,0,0.308
TRX0000615,0,0.43
TRX0001857,1,0.457
TRX0002418,0,0.53
TRX0002522,0,0.256
TRX0001037,0,0.475
TRX0002610,0,0.641
TRX0000416,0,0.456
TRX0002087,0,0.973
TRX0002806,0,0.5
TRX0000860,0,0.541
TRX0002402,0,0.904
TRX0001541,0,0.395
TRX0001329,0,0.422
TRX0000349,0,0.078
TRX0001145,0,0.154
TRX0001634,0,0.351
TRX0002255,0,0.863
TRX0000746,0,0.208
TRX0000423,0,0.807
TRX0002294,0,0.156
TRX0000739,0,0.235
TRX0001378,0,0.172
TRX0001656,0,0.306
TRX0001732,0,0.353
TRX0002938,0,0.913
TRX0001220,0,0.856
TRX0000215,1,0.571
TRX0002814,0,0.659
TRX0001585,0,0.255
TRX0000113,0,0.052
TRX0001793,0,0.616
TRX0002065,0,0.154
TRX0002329,0,0.624
TRX0000244,0,0.151
TRX0000570,0,0.063
TRX0001639,0,0.115
TRX0002251,0,0.948
TRX0002885,0,0.886
TRX0001523,0,0.416
TRX0001431,0,0.936
TRX0000063,0,0.725
TRX0000795,0,0.324
TRX0000865,0,0.99
TRX0002284,0,0.456
TRX0000923,0,0.995
TRX0001577,0,0.907
TRX0002540,0,0.988
TRX0000909,0,0.962
TRX0000775,0,0.574
TRX0001377,0,0.368
TRX0001302,0,0.356
TRX0001400,0,0.682
TRX0002639,0,0.725
TRX0002292,0,0.909
TRX0002267,0,0.102
TRX0002302,0,0.552
TRX0001257,0,0.592
TRX0002974,0,0.066
TRX0001120,0,0.139
TRX0002018,0,0.969
TRX0000768,1,0.619
TRX0002169,0,0.164
TRX0000915,0,0.542
TRX0000274,0,0.364
TRX0000544,0,0.496
TRX0002395,0,0.852
TRX0001866,0,0.221
TRX0001001,0,0.505
TRX0000701,0,0.303
TRX0000340,0,0.679
TRX0001857,0,0.273
TRX0002019,0,0.814
TRX0000832,1,0.209
TRX0000702,0,0.088
TRX0002080,0,0.612
TRX0002094,0,0.508
TRX0002109,0,0.969
TRX0000868,0,0.484
TRX0002148,0,0.236
TRX0001884,0,0.479
TRX0001623,0,0.9
TRX0002563,0,0.476
TRX0002937,0,0.466
TRX0000536,0,0.929
TRX0002686,0,0.707
TRX0001009,0,0.518
TRX0001869,0,0.132
TRX0000773,0,0.908
TRX0001664,0,0.031
TRX0002935,0,0.879
TRX0002560,0,0.381
TRX0001148,0,0.952
TRX0000979,0,0.949
TRX0000996,0,0.478
TRX0002294,0,0.106
TRX0002028,0,0.576
TRX0001109,0,0.276
TRX0002775,0,0.191
TRX0001111,0,0.165
TRX0001075,0,0.3
TRX0000876,0,0.698
TRX0001673,0,0.964
TRX0000287,0,0.668
TRX0001175,0,0.733
TRX0000498,0,0.889
TRX0002522,0,0.421
TRX0002155,1,0.285
TRX0001045,0,0.819
TRX0001023,0,0.994
TRX0000349,0,0.914
TRX0000627,0,0.366
TRX0001383,0,0.95
TRX0002063,0,0.767
TRX0001163,0,0.299
TRX0002015,0,0.823
TRX0000311,0,0.887
TRX0001920,0,0.66
TRX0002466,0,0.658
TRX0001881,0,0.651
TRX0002852,0,0.27
TRX0000025,0,0.078
TRX0000505,0,0.272
TRX0001209,0,0.368
TRX0001649,0,0.819
TRX0002252,0,0.428
TRX0002390,0,0.719
TRX0000160,0,0.397
TRX0000953,0,0.014
TRX0000749,0,0.777
TRX0002242,0,0.657
TRX0001517,0,0.807
TRX0001225,0,0.893
TRX0002377,0,0.054
TRX0000333,0,0.073
TRX0001039,0,0.69
TRX0000417,0,0.023
TRX0002350,0,0.156
TRX0000455,0,0.847
TRX0000235,0,0.249
TRX0001873,0,0.651
TRX0002383,0,0.089
TRX0000265,1,0.832
TRX0000808,0,0.155
TRX0000118,0,0.161
TRX0002882,0,0.514
TRX0002612,0,0.175
TRX0000421,0,0.664
TRX0001738,0,0.715
TRX0002775,0,0.799
TRX0000884,0,0.486
TRX0000627,0,0.915
TRX0000226,0,0.914
TRX0000035,0,0.917
TRX0002923,0,0.718
TRX0002637,0,0.799
TRX0001781,0,0.15
TRX0002826,0,0.924
TRX0001886,0,0.998
TRX0000590,0,0.332
TRX0000236,0,0.457
TRX0000172,0,0.84
TRX0002283,0,0.911
TRX0000363,0,0.654
TRX0001594,0,0.894
TRX0002958,0,0.264
TRX0000706,0,0.826
TRX0002583,0,0.952
TRX0000533,0,0.639
TRX0002511,0,0.571
TRX0001111,0,0.819
TRX0000234,0,0.237
TRX0001182,0,0.196
TRX0001545,0,0.025
TRX0001916,0,0.061
TRX0002225,0,0.725
TRX0002829,0,0.584
TRX0002545,0,0.643
TRX0000377,0,0.381
TRX0002358,0,0.747
TRX0002490,0,0.502
TRX0000495,0,0.282
TRX0001552,0,0.499
TRX0001981,0,0.795
TRX0000480,0,0.496
TRX0002868,0,0.506
TRX0002888,0,0.043
TRX0002265,0,0.209
TRX0001766,0,0.557
TRX0000803,0,0.231
TRX0001463,0,0.193
TRX0000132,0,0.423
TRX0001228,0,0.907
TRX0001791,0,0.193
TRX0000176,0,0.589
TRX0000283,0,0.888
TRX0000005,0,0.118
TRX0000620,0,0.404
TRX0000106,0,0.479
TRX0002846,0,0.103
TRX0000160,0,0.164
TRX0000853,0,0.27
TRX0000342,0,0.341
TRX0002928,0,0.158
TRX0001137,0,0.303
TRX0002203,0,0.081
TRX0001533,0,0.698
TRX0000319,0,0.305
TRX0000093,0,0.235
TRX0002892,0,0.052
TRX0001972,0,0.452
TRX0001953,0,0.826
TRX0001734,0,0.956
TRX0001419,0,0.723
TRX0001785,0,0.379
TRX0001743,0,0.445
TRX0000372,0,0.581
TRX0001354,0,0.792
TRX0000740,0,0.943
TRX0001637,1,0.718
TRX0002469,0,0.164
TRX0002967,0,0.706
TRX0002825,0,0.368
TRX0001561,0,0.521
TRX0000866,0,0.734
TRX0001281,0,0.783
TRX0000932,0,0.467
TRX0001169,0,0.877
TRX0001742,0,0.228
TRX0001858,0,0.837
TRX0001030,0,0.56
TRX0002972,1,0.041
TRX0001149,0,0.585
TRX0001136,0,0.605
TRX0001174,0,0.998
TRX0000488,0,0.35
TRX0000205,0,0.133
TRX0001660,0,0.97
TRX0002994,0,0.185
TRX0000751,0,0.735
TRX0002050,0,0.073
TRX0002837,0,0.736
TRX0002777,0,0.186
TRX0000780,0,0.879
TRX0001113,0,0.061
TRX0001684,0,0.281
TRX0000924,0,0.733
TRX0000473,0,0.088
TRX0000293,0,0.465
TRX0000611,0,0.242
TRX0000894,0,0.332
TRX0002760,0,0.988
TRX0002738,0,0.337
TRX0002285,0,0.82
TRX0001842,0,0.064
TRX0001304,0,0.022
TRX0002949,0,0.933
TRX0000543,0,0.642
TRX0000765,0,0.261
TRX0002312,0,0.068
TRX0000411,0,0.723
TRX0000180,0,0.678
TRX0001493,0,0.726
TRX0000300,0,0.327
TRX0000120,0,0.278
TRX0001964,0,0.588
TRX0000357,0,0.904
TRX0000130,0,0.942
TRX0002830,0,0.76
TRX0000861,0,0.035
TRX0001069,0,0.895
TRX0001037,0,0.231
TRX0001970,0,0.503
TRX0002421,0,0.085
TRX0000261,0,0.951
TRX0000852,0,0.808
TRX0002104,0,0.039
TRX0000889,0,0.152
TRX0002595,0,0.129
TRX0000316,0,0.733
TRX0001279,0,0.599
TRX0000350,0,0.169
TRX0002969,1,0.613
TRX0000220,0,0.909
TRX0001330,0,0.258
TRX0001409,0,0.785
TRX0000155,0,0.978
TRX0000597,0,0.855
TRX0002573,0,0.52
TRX0002152,0,0.138
TRX0002397,1,0.083
TRX0000590,0,0.031
TRX0002019,0,0.328
TRX0002518,0,0.22
TRX0001195,0,0.033
TRX0002215,0,0.297
TRX0002674,0,0.237
TRX0001365,0,0.489
TRX0000377,0,0.527
TRX0001498,0,0.469
TRX0000050,0,0.583
TRX0000365,0,0.839
TRX0001453,1,0.756
TRX0001123,0,0.11
TRX0000167,0,0.26
TRX0000115,0,0.121
TRX0001254,0,0.039
TRX0001768,0,0.175
TRX0002772,0,0.21
TRX0001086,0,0.141
TRX0000710,0,0.923
TRX0000478,0,0.905
TRX0001265,0,0.583
TRX0000365,0,0.27
TRX0001983,0,0.77
TRX0002106,0,0.988
TRX0002526,0,0.447
TRX0000808,0,0.872
TRX0001624,0,0.697
TRX0000562,0,0.153
TRX0000045,0,0.757
TRX0002290,0,0.578
TRX0002238,0,0.031
TRX0000713,0,0.56
TRX0002086,0,0.096
TRX0002231,1,0.547
TRX0002612,0,0.28
TRX0001160,1,0.883
TRX0000898,0,0.566
TRX0002166,0,0.595
TRX0002255,0,0.294
TRX0000296,0,0.122
TRX0002942,0,0.031
TRX0002818,0,0.785
TRX0001892,0,0.044
TRX0002673,0,0.169
TRX0002072,0,0.583
TRX0000798,0,0.381
TRX0002356,0,0.934
TRX0001682,0,0.023
TRX0002725,0,0.848
TRX0001269,0,0.24
TRX0001456,0,0.576
TRX0002990,1,0.291
TRX0000160,0,0.128
TRX0002157,1,0.628
TRX0000313,0,0.339
TRX0001616,0,0.903
TRX0000510,0,0.392
TRX0000584,0,0.324
TRX0000688,0,0.005
TRX0000806,0,0.53
TRX0002328,0,0.553
TRX0002364,0,0.897
TRX0001400,0,0.911
TRX0001915,0,0.562
TRX0002339,0,0.541
TRX0002908,0,0.19
TRX0000273,0,0.043
TRX0000514,1,0.584
TRX0002811,0,0.556
TRX0001156,0,0.448
TRX0000104,0,0.945
TRX0002020,0,0.852
TRX0001035,0,0.66
TRX0000623,0,0.915
TRX0002201,0,0.715
TRX0002779,0,0.808
TRX0000226,0,0.676
TRX0000244,0,0.635
TRX0002555,0,0.712
TRX0002891,0,0.409
TRX0001958,0,0.489
TRX0002188,0,0.843
TRX0000672,0,0.666
TRX0002366,0,0.496
TRX0000964,0,0.727
TRX0002410,0,0.998
TRX0001414,0,0.905
TRX0000384,0,0.046
TRX0002557,0,0.207
TRX0001934,0,0.091
TRX0001157,0,0.488
TRX0001711,0,0.405
TRX0002878,1,0.875
TRX0002832,0,0.591
TRX0002805,0,0.154
TRX0000405,0,0.926
TRX0000897,0,0.657
TRX0002135,0,0.077
TRX0002819,0,0.919
TRX0003000,0,0.524
TRX0002466,0,0.332
TRX0001689,0,0.315
TRX0001337,0,0.473
TRX0002988,1,0.073
TRX0001800,1,0.127
TRX0001965,0,0.323
TRX0002183,0,0.91
TRX0002150,0,0.337
TRX0000026,0,0.463
TRX0000219,0,0.731
TRX0002954,0,0.612
TRX0000799,0,0.593
TRX0000281,0,0.428
TRX0001119,0,0.387
TRX0001800,0,0.195
TRX0000581,0,0.126
TRX0002819,0,0.226
TRX0001426,0,0.608
TRX0000579,0,0.819
TRX0001497,0,0.375
TRX0002296,0,0.781
TRX0002085,0,0.099
TRX0001453,0,0.413
TRX0002847,0,0.306
TRX0001391,1,0.224
TRX0002975,0,0.889
TRX0000685,0,0.378
TRX0000780,0,0.009
TRX0001711,0,0.946
TRX0001921,0,0.167
TRX0002279,0,0.542
TRX0001059,0,0.917
TRX0001779,0,0.39
TRX0001139,0,0.152
TRX0002265,0,0.427
TRX0000407,0,0.532
TRX0000929,0,0.224
TRX0001473,0,0.274
TRX0001162,0,0.126
TRX0000382,0,0.664
TRX0001348,0,0.334
TRX0000458,0,0.746
TRX0002129,0,0.098
TRX0001192,0,0.635
TRX0001729,0,0.304
TRX0000247,0,0.873
TRX0000717,0,0.838
TRX0001425,0,0.357
TRX0000966,0,0.241
TRX0002353,0,0.267
TRX0001861,0,0.791
TRX0001918,0,0.05
TRX0000858,0,0.911
TRX0001978,0,0.225
TRX0002005,0,0.012
TRX0002665,1,0.259
TRX0001261,0,0.798
TRX0002362,0,0.391
TRX0002210,0,0.292
TRX0001099,0,0.987
TRX0000440,0,0.656
TRX0002979,0,0.551
TRX0000005,0,0.326
TRX0001085,0,0.913
TRX0001945,0,0.791
TRX0002948,0,0.172
TRX0002665,0,0.546
TRX0002874,0,0.801
TRX0002584,0,0.655
TRX0000505,0,0.423
TRX0001859,0,0.241
TRX0002634,0,0.258
TRX0000641,0,0.605
TRX0001221,0,0.917
TRX0001626,0,0.722
TRX0000187,0,0.974
TRX0000073,0,0.076
TRX0002824,0,0.803
TRX0002438,0,0.566
TRX0002571,0,0.624
TRX0000845,0,0.405
TRX0001651,0,0.08
TRX0001538,0,0.113
TRX0001704,0,0.627
TRX0000938,0,0.434
TRX0001147,0,0.747
TRX0000306,0,0.18
TRX0001665,0,0.17
TRX0002283,0,0.896
TRX0002190,0,0.885
TRX0001042,0,0.131
TRX0002004,0,0.602
TRX0002405,0,0.802
TRX0002458,0,0.553
TRX0000535,0,0.858
TRX0001041,0,0.754
TRX0000342,0,0.312
TRX0001342,0,0.406
TRX0001614,0,0.811
TRX0001520,0,0.495
TRX0002382,0,0.792
TRX0002265,0,0.697
TRX0002728,1,0.385
TRX0000442,0,0.21
TRX0000149,0,0.326
TRX0000283,0,0.665
TRX0000740,0,0.998
TRX0000368,0,0.895
TRX0002478,0,0.524
TRX0001734,0,0.596
TRX0001464,0,0.704
TRX0001911,0,0.05
TRX0000604,0,0.156
TRX0002571,0,0.557
TRX0002119,0,0.402
TRX0000537,1,0.019
TRX0002232,0,0.933
TRX0001782,0,0.357
TRX0001813,0,0.015
TRX0001326,0,0.495
TRX0002823,0,0.73
TRX0002105,1,0.078
TRX0002846,0,0.611
TRX0000559,1,0.752
TRX0001024,0,0.159
TRX0001412,0,0.947
TRX0001034,0,0.033
TRX0002182,0,0.514
TRX0000952,0,0.486
TRX0000667,0,0.895
TRX0002593,0,0.373
TRX0001931,0,0.416
TRX0000183,0,0.766
TRX0001715,0,0.218
TRX0002656,0,0.655
TRX0000114,0,0.709
TRX0000625,0,0.538
TRX0002537,0,0.36
TRX0001395,0,0.282
TRX0000393,0,0.582
TRX0000873,0,0.722
TRX0002766,0,0.578
TRX0000666,0,0.578
TRX0001923,0,0.589
TRX0000485,0,0.62
TRX0002349,0,0.764
TRX0000370,0,0.25
TRX0001561,0,0.583
TRX0001662,0,0.248
TRX0001684,0,0.446
TRX0000108,0,0.465
TRX0002388,0,0.051
TRX0000954,0,0.746
TRX0001864,0,0.236
TRX0002133,0,0.013
TRX0002072,0,0.938
TRX0002086,0,0.783
TRX0000674,0,0.399
TRX0002162,0,0.065
TRX0001690,0,0.348
TRX0002273,0,0.909
TRX0002152,0,0.384
TRX0002314,0,0.482
TRX0002565,0,0.947
TRX0001553,0,0.45
TRX0001680,0,0.707
TRX0002098,0,0.327
TRX0001060,0,0.649
TRX0001461,0,0.132
TRX0000689,0,0.208
TRX0002556,0,0.621
TRX0000041,0,0.811
TRX0001847,0,0.623
TRX0002311,0,0.438
TRX0001083,0,0.189
TRX0002867,0,0.684
TRX0001575,0,0.98
TRX0002877,0,0.869
TRX0000325,0,0.596
TRX0001832,0,0.642
TRX0002389,0,0.816
TRX0002889,0,0.658
TRX0001319,0,0.051
TRX0000062,0,0.797
TRX0001320,0,0.204
TRX0002572,0,0.458
TRX0000082,0,0.091
TRX0000536,0,0.993
TRX0001731,0,0.262
TRX0002348,0,0.939
TRX0002389,0,0.641
TRX0002624,0,0.041
TRX0000866,0,0.574
TRX0000851,0,0.102
TRX0001854,0,0.779
TRX0002308,0,0.597
TRX0001941,0,0.576
TRX0002394,0,0.498
TRX0000289,0,0.075
TRX0002739,0,0.854
TRX0002967,0,0.859
TRX0002349,0,0.344
TRX0001651,0,0.414
TRX0001840,0,0.153
TRX0002159,0,0.335
TRX0000220,0,0.353
TRX0001573,0,0.654
TRX0001101,0,0.75
TRX0002882,0,0.654
TRX0001595,0,0.358
TRX0000158,0,0.72
TRX0002987,0,0.964
TRX0002587,0,0.98
TRX0001958,0,0.976
TRX0001282,0,0.157
TRX0002868,0,0.761
TRX0000430,0,0.155
TRX0000042,0,0.307
TRX0001154,1,0.634
TRX0000113,1,0.067
TRX0001490,0,0.55
TRX0001797,0,0.113
TRX0002688,0,0.382
TRX0002302,0,0.072
TRX0002198,0,0.13
TRX0000976,0,0.03
TRX0002837,0,0.105
TRX0000539,0,0.311
TRX0000094,0,0.81
TRX0001177,0,0.058
TRX0002411,0,0.058
TRX0002278,0,0.977
TRX0001913,0,0.514
TRX0000985,0,0.679
TRX0000162,0,0.137
TRX0002888,0,0.487
TRX0001387,0,0.632
TRX0001716,0,0.754
TRX0001995,0,0.235
TRX0001938,0,0.949
TRX0002074,0,0.425
TRX0001662,0,0.249
TRX0000335,0,0.883
TRX0000109,0,0.461
TRX0002962,0,0.75
TRX0001558,0,0.986
TRX0002171,0,0.94
TRX0002376,0,0.871
TRX0001994,0,0.62
TRX0002927,0,0.748
TRX0002050,0,0.273
TRX0001395,1,0.503
TRX0002775,0,0.777
TRX0000948,0,0.185
TRX0000993,0,0.878
TRX0002916,0,0.015
TRX0002413,0,0.982
TRX0001157,0,0.658
TRX0002397,0,0.345
TRX0000595,0,0.156
TRX0000311,0,0.875
TRX0001231,0,0.009
TRX0002391,0,0.767
TRX0001902,0,0.857
TRX0000902,0,0.772
TRX0002956,0,0.004
TRX0001636,1,0.516
TRX0001503,0,0.202
TRX0002981,0,0.574
TRX0001377,0,0.338
TRX0002175,0,0.376
TRX0000198,0,0.149
TRX0000680,0,0.821
TRX0000249,0,0.636
TRX0000226,0,0.511
TRX0001268,0,0.42
TRX0001232,0,0.497
TRX0002574,0,0.704
TRX0002858,0,0.862
TRX0001636,0,0.068
TRX0000389,0,0.241
TRX0000961,0,0.432
TRX0002684,0,0.827
TRX0000005,0,0.081
TRX0000991,0,0.001
TRX0001793,0,0.234
TRX0000122,0,0.478
TRX0000312,0,0.159
TRX0002079,0,0.996
TRX0000116,0,0.359
TRX0000501,0,0.511
TRX0001911,0,0.508
TRX0001521,0,0.013
TRX0002268,1,0.8
TRX0001564,0,0.44
TRX0002651,0,0.406
TRX0001287,0,0.85
TRX0000671,0,0.039
TRX0000894,0,0.207
TRX0000034,0,0.598
TRX0002347,0,0.154
TRX0001516,0,0.891
TRX0000896,0,0.328
TRX0002498,0,0.256
TRX0001556,0,0.62
TRX0000907,0,0.914
TRX0001743,0,0.442
TRX0001695,0,0.394
TRX0001472,0,0.814
TRX0000952,0,0.321
TRX0000746,0,0.401
TRX0000398,0,0.829
TRX0000001,0,0.352
TRX0000933,0,0.619
TRX0002605,0,0.545
TRX0000021,0,0.826
TRX0000566,0,0.879
TRX0000264,0,0.672
TRX0001792,0,0.188
TRX0001041,0,0.278
TRX0001964,1,0.115
TRX0001247,1,0.703
TRX0000631,0,0.887
TRX0000290,0,0.311
TRX0000103,0,0.432
TRX0001812,0,0.601
TRX0000737,0,0.976
TRX0000656,0,0.528
TRX0002181,0,0.173
TRX0001234,0,0.989
TRX0002232,1,0.242
TRX0001725,0,0.384
TRX0000626,0,0.513
TRX0000492,0,0.9
TRX0002621,1,0.52
TRX0002094,0,0.142
TRX0000131,0,0.847
TRX0002094,0,0.909
TRX0001057,0,0.857
TRX0002827,0,0.541
TRX0002791,0,0.071
TRX0001857,0,0.354
TRX0001746,0,0.802
TRX0000049,0,0.984
TRX0002032,0,0.274
TRX0002025,0,0.274
TRX0001802,0,0.636
TRX0001488,1,0.254
TRX0001726,0,0.884
TRX0000150,0,0.404
TRX0001059,0,0.654
TRX0000821,1,0.643
TRX0001894,0,0.146
TRX0000038,0,0.778
TRX0000488,0,0.234
TRX0002073,0,0.501
TRX0001191,0,0.805
TRX0001749,0,0.204
TRX0000914,0,0.557
TRX0001063,0,0.434
TRX0001124,0,0.825
TRX0001750,0,0.114
TRX0000524,0,0.341
TRX0002134,0,0.726
TRX0001272,0,0.991
TRX0000158,0,0.346
TRX0001763,0,0.665
TRX0000455,0,0.335
TRX0002730,0,0.265
TRX0001004,0,0.662
TRX0001225,0,0.338
TRX0002088,0,0.468
TRX0000210,0,0.447
TRX0001120,0,0.205
TRX0001296,0,0.015
TRX0002131,0,0.789
TRX0002825,0,0.879
TRX0000823,0,0.53
TRX0000674,0,0.809
TRX0001767,0,0.745
TRX0001717,0,0.479
TRX0002340,0,0.776
TRX0001382,0,0.907
TRX0000495,0,0.362
TRX0000022,0,0.858
TRX0001377,1,0.436
TRX0002004,0,0.542
TRX0000615,0,0.439
TRX0000366,0,0.49
TRX0000254,0,0.318
TRX0002375,0,0.593
TRX0000359,0,0.635
TRX0001916,0,0.44
TRX0000251,0,0.402
TRX0002475,0,0.159
TRX0002316,0,0.185
TRX0001524,0,0.391
TRX0000096,0,0.497
TRX0002629,0,0.624
TRX0000929,0,0.226
TRX0001728,0,0.358
TRX0001139,0,0.528
TRX0001555,0,0.439
TRX0002449,0,0.987
TRX0002970,0,0.057
TRX0000808,0,0.929
TRX0000798,0,0.913
TRX0002872,0,0.719
TRX0002160,0,0.956
TRX0002004,0,0.881
TRX0001406,0,0.316
TRX0002148,0,0.171
TRX0002852,0,0.479
TRX0001971,0,0.348
TRX0001287,0,0.181
TRX0000619,0,0.634
TRX0002845,0,0.602
TRX0000556,0,0.678
TRX0000412,0,0.58
TRX0000493,0,0.772
TRX0001179,0,0.491
TRX0002603,0,0.618
TRX0002455,0,0.501
TRX0001803,0,0.025
TRX0000113,0,0.03
TRX0002242,0,0.987
TRX0000108,0,0.149
TRX0000203,0,0.483
TRX0000440,0,0.496
TRX0002300,0,0.297
TRX0000946,0,0.982
TRX0000621,0,0.93
TRX0000805,0,0.731
TRX0002764,0,0.546
TRX0001403,0,0.35
TRX0000295,0,0.976
TRX0001701,0,0.448
TRX0001270,0,0.018
TRX0001029,0,0.626
TRX0001425,0,0.42
TRX0001891,0,0.907
TRX0000487,1,0.92
TRX0002834,0,0.662
TRX0002263,0,0.285
TRX0000605,0,0.304
TRX0000299,0,0.506
TRX0002659,0,0.185
TRX0000043,0,0.832
TRX0001343,0,0.758
TRX0001864,0,0.3
TRX0001647,0,0.184
TRX0000220,0,0.854
TRX0000256,0,0.672
TRX0001814,0,0.828
TRX0000150,0,0.258
TRX0001664,0,0.818
TRX0001524,0,0.366
TRX0002185,0,0.866
TRX0002337,0,0.287
TRX0000669,0,0.148
TRX0001607,1,0.656
TRX0001566,0,0.068
TRX0000324,0,0.889
TRX0001313,0,0.4
TRX0001198,0,0.397
TRX0002796,0,0.546
TRX0002171,0,0.641
TRX0002130,0,0.009
TRX0001583,0,0.13
TRX0002851,0,0.123
TRX0001031,0,0.943
TRX0002220,0,0.431
TRX0000700,0,0.306
TRX0002745,0,0.788
TRX0002774,1,0.847
TRX0000271,0,0.712
TRX0002116,0,0.804
TRX0000161,0,0.779
TRX0001446,0,0.313
TRX0000775,0,0.105
TRX0001234,1,0.979
TRX0002286,0,0.282
TRX0002638,0,0.798
TRX0001088,0,0.183
TRX0001741,0,0.526
TRX0002344,0,0.234
TRX0000434,0,0.402
TRX0001688,0,0.418
TRX0002747,0,0.121
TRX0000134,0,0.806
TRX0000029,0,0.252
TRX0001158,0,0.592
TRX0001159,0,0.938
TRX0002694,0,0.366
TRX0002675,0,0.752
TRX0000079,0,0.131
TRX0002800,0,0.326
TRX0000527,0,0.923
TRX0001278,0,0.836
TRX0000542,0,0.641
TRX0002436,0,0.017
TRX0000497,0,0.027
TRX0002101,0,0.196
TRX0000306,0,0.255
TRX0001868,0,0.164
TRX0000430,0,0.297
TRX0002979,0,0.245
TRX0000365,0,0.242
TRX0002740,0,0.933
TRX0001599,0,0.57
TRX0000912,0,0.129
TRX0002006,0,0.309
TRX0001307,0,0.516
TRX0002238,0,0.321
TRX0002966,0,0.92
TRX0002020,0,0.914
TRX0002767,0,0.924
TRX0000977,0,0.943
TRX0000161,0,0.576
TRX0000107,0,0.631
TRX0000042,0,0.575
TRX0002329,0,0.619
TRX0002627,0,0.791
TRX0000857,0,0.213
TRX0001705,0,0.242
TRX0001196,0,0.434
TRX0001203,0,0.514
TRX0002010,0,0.599
TRX0001329,1,0.921
TRX0001497,0,0.631
TRX0001136,0,0.681
TRX0000551,0,0.608
TRX0001101,0,0.73
TRX0001015,0,0.001
TRX0001928,1,0.886
TRX0000666,0,0.56
TRX0000773,0,0.833
TRX0000457,0,0.498
TRX0002835,0,0.438
TRX0001786,0,0.749
TRX0000877,0,0.191
TRX0001308,0,0.052
TRX0002614,0,0.252
TRX0000157,0,0.044
TRX0002713,0,0.122
TRX0000677,0,0.305
TRX0000211,0,0.819
TRX0000133,0,0.702
TRX0002601,0,0.273
TRX0002130,0,0.756
TRX0000962,0,0.443
TRX0000801,0,0.208
TRX0000278,0,0.709
TRX0002875,0,0.584
TRX0000223,0,0.792
TRX0000864,0,0.15
TRX0001876,0,0.943
TRX0001445,0,0.038
TRX0002482,0,0.819
TRX0001116,0,0.838
TRX0002464,0,0.842
TRX0002309,0,0.277
TRX0002006,0,0.371
TRX0002092,0,0.254
TRX0002482,0,0.092
TRX0002869,0,0.615
TRX0002765,0,0.445
TRX0001151,0,0.058
TRX0001429,0,0.957
TRX0002057,0,0.026
TRX0000023,0,0.907
TRX0000999,0,0.898
TRX0002660,0,0.948
TRX0000796,0,0.944
TRX0001221,0,0.963
TRX0001544,0,0.038
TRX0002107,0,0.442
TRX0001282,0,0.054
TRX0001410,0,0.638
TRX0000257,0,0.175
TRX0001002,0,0.59
TRX0001398,0,0.84
TRX0000638,0,0.899
TRX0002404,0,0.761
TRX0002191,0,0.571
TRX0000063,0,0.849
TRX0000743,0,0.546
TRX0001660,0,0.212
TRX0000287,0,0.574
TRX0000681,0,0.145
TRX0002662,1,0.729
TRX0000503,0,0.982
TRX0002427,0,0.067
TRX0001133,0,0.975
TRX0002071,0,0.281
TRX0000859,0,0.228
TRX0002849,0,0.139
TRX0002651,0,0.694
TRX0000082,0,0.74
TRX0002953,0,0.482
TRX0001003,0,0.27
TRX0000185,0,0.101
TRX0000875,0,0.713
TRX0001675,0,0.676
TRX0000166,0,0.27
TRX0002290,0,0.293
TRX0001573,0,0.907
TRX0002897,0,0.427
TRX0000455,0,0.38
TRX0000523,0,0.092
TRX0000327,0,0.65
TRX0001914,0,0.185
TRX0002770,1,0.689
TRX0000854,0,0.86
TRX0002314,0,0.006
TRX0000225,0,0.416
TRX0001075,0,0.948
TRX0001968,0,0.147
TRX0000964,0,0.461
TRX0001529,0,0.389
TRX0000598,0,0.133
TRX0002386,0,0.577
TRX0001872,0,0.775
TRX0001927,0,0.868
TRX0000237,0,0.905
TRX0000352,0,0.568
TRX0000869,0,0.305
TRX0002191,0,0.604
TRX0001085,0,0.35
TRX0000025,0,0.535
TRX0000904,0,0.851
TRX0001629,0,0.095
TRX0000297,0,0.025
TRX0002210,0,0.287
TRX0002653,0,0.897
TRX0002392,0,0.276
TRX0002567,0,0.745
TRX0001207,0,0.922
TRX0001911,0,0.104
TRX0002982,0,0.057
TRX0002376,0,0.072
TRX0002002,0,0.792
TRX0001152,0,0.018
TRX0001598,1,0.459
TRX0000134,1,0.363
TRX0001912,0,0.799
TRX0000964,0,0.983
TRX0001625,0,0.899
TRX0001386,0,0.285
TRX0002403,0,0.921
TRX0000228,0,0.77
TRX0002630,0,0.363
TRX0000962,0,0.582
TRX0000662,0,0.792
TRX0000029,0,0.74
TRX0000820,0,0.126
TRX0001961,0,0.923
TRX0001066,0,0.107
TRX0001340,0,0.462
TRX0002625,0,0.406
TRX0001938,0,0.786
TRX0000783,0,0.197
TRX0001229,0,0.632
TRX0002145,0,0.055
TRX0000074,0,0.707
TRX0000909,0,0.284
TRX0002491,0,0.553
TRX0002156,0,0.347
TRX0001870,0,0.23
TRX0001724,0,0.429
TRX0002589,0,0.972
TRX0000951,1,0.372
TRX0000991,0,0.372
TRX0001094,0,0.362
TRX0000786,0,0.118
TRX0002042,0,0.957
TRX0001926,0,0.368
TRX0000613,0,0.698
TRX0001780,0,0.169
TRX0002944,0,0.192
TRX0002088,0,0.888
TRX0001105,0,0.552
TRX0001420,0,0.465
TRX0001982,0,0.997
TRX0001138,0,0.031
TRX0000559,0,0.376
TRX0002300,0,0.657
TRX0002180,0,0.739
TRX0000508,0,0.685
TRX0001335,0,0.652
TRX0002743,0,0.973
TRX0002683,0,0.708
TRX0000342,0,0.523
TRX0001811,0,0.218
TRX0002676,0,0.747
TRX0000018,0,0.33
TRX0002363,0,0.077
TRX0000811,0,0.37
TRX0002914,1,0.25
TRX0002202,0,0.408
TRX0000286,0,0.318
TRX0002496,0,0.57
TRX0002565,0,0.049
TRX0001287,0,0.142
TRX0001681,0,0.424
TRX0000004,0,0.7
TRX0001201,0,0.115
TRX0000667,0,0.736
TRX0002642,0,0.075
TRX0002776,0,0.01
TRX0001082,0,0.663
TRX0001141,0,0.158
TRX0002325,0,0.652
TRX0002083,0,0.725
TRX0000900,0,0.006
TRX0002969,0,0.089
TRX0002784,0,0.596
TRX0002089,0,0.775
TRX0001780,0,0.971
TRX0002971,0,0.31
TRX0000903,0,0.409
TRX0000628,0,0.886
TRX0002387,0,0.445
TRX0002833,0,0.694
TRX0000644,1,0.252
TRX0000372,0,0.2
TRX0001694,0,0.188
TRX0000246,0,0.304
TRX0001901,0,0.042
TRX0002490,0,0.931
TRX0002716,0,0.517
TRX0002650,0,0.994
TRX0002427,0,0.278
TRX0000336,0,0.662
TRX0001763,0,0.999
TRX0002753,0,0.957
TRX0001600,0,0.565
TRX0002257,0,0.458
TRX0000335,0,0.566
TRX0000795,0,0.033
TRX0000753,0,0.399
TRX0000468,0,0.022
TRX0001423,0,0.765
TRX0001440,0,0.259
TRX0000951,0,0.632
TRX0002634,0,0.793
TRX0002073,0,0.14
TRX0002128,0,0.496
TRX0001911,0,0.761
TRX0000752,0,0.993
TRX0001386,0,0.506
TRX0002104,0,0.581
TRX0002398,0,0.08
TRX0001364,0,0.641
TRX0000419,0,0.469
TRX0002233,0,0.194
TRX0001660,0,0.689
TRX0002848,0,0.167
TRX0000277,0,0.66
TRX0001975,0,0.952
TRX0000350,0,0.265
TRX0001230,0,0.355
TRX0002489,0,0.116
TRX0001420,0,0.004
TRX0001583,0,0.811
TRX0001597,0,0.936
TRX0002433,0,0.089
TRX0001710,0,0.561
TRX0000754,0,0.063
TRX0000271,0,0.488
TRX0002900,0,0.002
TRX0002018,0,0.977
TRX0000967,0,0.689
TRX0002305,0,0.51
TRX0001001,0,0.382
TRX0002926,0,0.364
TRX0002241,0,0.892
TRX0002570,0,0.237
TRX0001999,0,0.962
TRX0000719,0,0.381
TRX0001798,0,0.207
TRX0000337,0,0.921
TRX0001643,0,0.318
TRX0000116,0,0.168
TRX0000607,0,0.256
TRX0002830,0,0.043
TRX0001196,0,0.906
TRX0000335,0,0.367
TRX0000119,0,0.399
TRX0001025,0,0.9
TRX0001370,0,0.544
TRX0001737,0,0.032
TRX0001003,0,0.613
TRX0001294,0,0.458
TRX0002968,0,0.749
TRX0002342,0,0.3
TRX0001191,0,0.965
TRX0000736,0,0.398
TRX0000194,0,0.682
TRX0002112,0,0.043
TRX0002956,0,0.057
TRX0000752,0,0.293
TRX0001294,0,0.776
TRX0000464,1,0.116
TRX0000110,0,0.268
TRX0002567,0,0.548
TRX0002073,0,0.805
TRX0002992,0,0.095
TRX0001589,0,0.458
TRX0002102,0,0.153
TRX0001057,0,0.517
TRX0002238,0,0.666
TRX0001031,0,0.068
TRX0002576,0,0.317
TRX0001696,0,0.76
TRX0001274,0,0.432
TRX0001825,0,0.591
TRX0001576,0,0.701
TRX0000455,1,0.484
TRX0000358,0,0.484
TRX0002039,0,0.318
TRX0002722,0,0.245
TRX0001407,0,0.66
TRX0000659,0,0.503
TRX0000500,0,0.448
TRX0001041,0,0.397
TRX0002406,0,0.59
TRX0001625,1,0.815
TRX0000779,0,0.701
TRX0001706,0,0.546
TRX0000305,0,0.079
TRX0000268,0,0.772
TRX0000353,0,0.075
TRX0000543,0,0.916
TRX0001441,0,0.364
TRX0002008,0,0.312
TRX0001796,0,0.437
TRX0002073,0,0.031
TRX0001642,0,0.567
TRX0002403,0,0.24
TRX0002226,0,0.881
TRX0001815,0,0.497
TRX0002867,0,0.792
TRX0000149,0,0.478
TRX0000667,0,0.101
TRX0002880,0,0.035
TRX0001092,0,0.528
TRX0001169,0,0.764
TRX0001831,0,0.453
TRX0002048,0,0.058
TRX0002453,0,0.547
TRX0000127,1,0.144
TRX0002848,0,0.263
TRX0001408,0,0.193
TRX0002416,0,0.059
TRX0000711,0,0.762
TRX0002851,0,0.771
TRX0000147,1,0.503
TRX0000968,0,0.581
TRX0002506,0,0.075
TRX0002663,0,0.455
TRX0002606,0,0.106
TRX0000083,0,0.816
TRX0002911,0,0.023
TRX0000595,0,0.085
TRX0001435,0,0.961
TRX0000037,0,0.36
TRX0001531,0,0.171
TRX0001856,0,0.016
TRX0002582,0,0.018
TRX0002298,0,0.702
TRX0002523,0,0.103
TRX0002497,0,0.652
TRX0002359,0,0.572
TRX0002053,0,0.539
TRX0002139,0,0.253
TRX0001205,0,0.629
TRX0002578,0,0.485
TRX0001972,0,0.264
TRX0002779,0,0.997
TRX0001031,0,0.386
TRX0001032,0,0.448
TRX0002786,0,0.123
TRX0001694,0,0.612
TRX0001108,0,0.183
TRX0001598,0,0.02
TRX0001102,0,0.87
TRX0000184,0,0.808
TRX0002870,1,0.763
TRX0000811,0,0.021
TRX0000647,0,0.115
TRX0002284,0,0.24
TRX0000710,0,0.212
TRX0002641,0,0.699
TRX0001227,0,0.061
TRX0000030,0,0.456
TRX0001288,0,0.548
TRX0001998,0,0.42
TRX0002318,0,0.584
TRX0000592,0,0.432
TRX0001582,0,0.779
TRX0001476,0,0.973
TRX0001562,0,0.727
TRX0000164,0,0.427
TRX0000888,0,0.983
TRX0000553,0,0.565
TRX0000003,0,0.909
TRX0000219,0,0.19
TRX0001247,0,0.87
TRX0000734,0,0.644
TRX0001981,0,0.456
TRX0000403,0,0.857
TRX0000659,0,0.819
TRX0002028,0,0.757
TRX0002345,0,0.076
TRX0002504,0,0.493
TRX0002223,0,0.504
TRX0001426,0,0.681
TRX0002129,0,0.027
TRX0002430,0,0.144
TRX0001344,0,0.042
TRX0001544,0,0.457
TRX0002203,0,0.912
TRX0000740,0,0.602
TRX0002514,0,0.505
TRX0001031,0,0.778
TRX0000107,0,0.01
TRX0002344,0,0.417
TRX0002581,0,0.201
TRX0000740,0,0.984
TRX0001095,1,0.436
TRX0000468,0,0.219
TRX0000186,0,0.536
TRX0002356,0,0.774
TRX0000098,0,0.954
TRX0000227,0,0.827
TRX0002101,0,0.716
TRX0002644,0,0.072
TRX0000668,0,0.527
TRX0000650,0,0.138
TRX0002288,0,0.684
TRX0000035,0,0.832
TRX0001859,0,0.725
TRX0002580,0,0.108
TRX0000354,0,0.979
TRX0000350,0,0.019
TRX0002539,0,0.407
TRX0002900,0,0.288
TRX0001823,0,0.903
TRX0001187,0,0.606
TRX0000263,1,0.41
TRX0002494,1,0.188
TRX0001348,0,0.766
TRX0002132,0,0.463
TRX0002881,0,0.154
TRX0001256,0,0.639
TRX0000553,0,0.309
TRX0001086,0,0.97
TRX0000274,0,0.833
TRX0002225,0,0.068
TRX0002894,0,0.238
TRX0002344,0,0.506
TRX0000866,0,0.161
TRX0000030,0,0.484
TRX0001343,0,0.209
TRX0000955,0,0.868
TRX0001028,0,0.626
TRX0000906,0,0.539
TRX0002681,0,0.946
TRX0000003,0,0.852
TRX0002929,0,0.924
TRX0002665,0,0.401
TRX0002692,0,0.495
TRX0002454,0,0.724
TRX0002843,0,0.482
TRX0001633,0,0.203
TRX0002759,0,0.777
TRX0002168,0,0.587
TRX0002010,0,0.957
TRX0000480,0,0.099
TRX0002179,0,0.183
TRX0001241,0,0.75
TRX0002731,0,0.285
TRX0000047,0,0.773
TRX0002101,0,0.406
TRX0002373,0,0.253
TRX0000414,0,0.432
TRX0000605,0,0.746
TRX0001141,0,0.143
TRX0000281,0,0.885
TRX0002324,0,0.554
TRX0001714,0,0.859
TRX0002230,0,0.934
TRX0000667,0,0.94
TRX0000024,0,0.047
TRX0001559,0,0.85
TRX0001077,0,0.325
TRX0000247,0,0.452
TRX0001057,0,0.197
TRX0000833,0,0.423
TRX0002088,0,0.036
TRX0002772,0,0.669
TRX0001762,0,0.939
TRX0000241,0,0.811
TRX0000515,0,0.076
TRX0002855,0,0.15
TRX0002112,0,0.465
TRX0001123,0,0.821
TRX0002503,0,0.235
TRX0001439,0,0.361
TRX0002849,0,0.319
TRX0001397,0,0.412
TRX0000494,0,0.854
TRX0000536,0,0.526
TRX0000390,0,0.711
TRX0000695,0,0.267
TRX0000450,0,0.765
TRX0001783,0,0.375
TRX0002249,0,0.937
TRX0001381,0,0.438
TRX0000966,0,0.056
TRX0002099,1,0.234
TRX0002991,0,0.023
TRX0001398,0,0.739
TRX0002644,0,0.071
TRX0002987,0,0.891
TRX0001973,0,0.243
TRX0002696,0,0.681
TRX0000836,0,0.143
TRX0000823,1,0.366
TRX0002403,0,0.206
TRX0001157,0,0.533
TRX0001372,0,0.083
TRX0001349,0,0.65
TRX0000603,0,0.245
TRX0001095,0,0.788
TRX0002642,0,0.554
TRX0001307,0,0.595
TRX0001618,0,0.048
TRX0002228,0,0.257
TRX0001573,0,0.416
TRX0001021,0,0.588
TRX0001084,0,0.018
TRX0001532,0,0.856
TRX0000345,0,0.52
TRX0000720,1,0.278
TRX0002861,1,0.349
TRX0002847,0,0.209
TRX0001522,0,0.667
TRX0001473,0,0.559
TRX0002885,0,0.05
TRX0001437,0,0.597
TRX0002550,0,0.18
TRX0001941,0,0.383
TRX0002377,0,0.804
TRX0002276,0,0.382
TRX0000716,0,0.395
TRX0001133,0,0.561
TRX0000679,1,0.848
TRX0002406,1,0.471
TRX0000481,0,0.23
TRX0001663,0,0.548
TRX0000377,0,0.529
TRX0002443,0,0.981
TRX0002671,0,0.721
TRX0000422,0,0.811
TRX0002230,0,0.827
TRX0000504,0,0.261
TRX0001084,0,0.487
TRX0002750,0,0.187
TRX0000431,0,0.698
TRX0001955,0,0.4
TRX0001468,0,0.14
TRX0002131,0,0.663
TRX0002933,0,0.941
TRX0001790,0,0.861
TRX0001176,0,0.059
TRX0000820,0,0.298
TRX0002305,0,0.945
TRX0002345,0,0.014
TRX0001342,0,0.575
TRX0001526,0,0.47
TRX0002676,0,0.81
TRX0002077,0,0.639
TRX0000281,0,0.474
TRX0002214,0,0.77
TRX0001138,0,0.879
TRX0001860,0,0.611
TRX0001807,0,0.252
TRX0001105,0,0.848
TRX0002849,0,0.168
TRX0002584,0,0.235
TRX0001175,0,0.376
TRX0002220,0,0.936
TRX0001277,1,0.82
TRX0001261,0,0.223
TRX0000569,0,0.409
TRX0002660,0,0.039
TRX0002787,0,0.089
TRX0002306,0,0.955
TRX0000198,0,0.059
TRX0001755,0,0.245
TRX0002840,0,0.407
TRX0002657,0,0.15
TRX0001779,0,0.037
TRX0002165,0,0.886
TRX0002257,0,0.111
TRX0002453,0,0.577
TRX0002820,0,0.288
TRX0001279,0,0.404
TRX0000296,0,0.549
TRX0002245,0,0.308
TRX0002767,0,0.161
TRX0001040,0,0.7
TRX0001229,0,0.572
TRX0002983,0,0.228
TRX0000789,1,0.905
TRX0001697,0,0.268
TRX0002980,0,0.438
TRX0002169,0,0.567
TRX0000699,0,0.309
TRX0002946,1,0.271
TRX0001589,1,0.01
TRX0001694,0,0.747
TRX0002197,0,0.527
TRX0000959,0,0.842
TRX0002988,0,0.884
TRX0000271,0,0.695
TRX0002705,0,0.339
TRX0002337,0,0.944
TRX0000139,0,0.152
TRX0000595,0,0.035
TRX0000494,0,0.304
TRX0001227,0,0.905
TRX0001699,0,0.484
TRX0002491,0,0.759
TRX0000801,0,0.908
TRX0000573,0,0.255
TRX0001074,0,0.565
TRX0002724,0,0.95
TRX0001437,0,0.111
TRX0001266,0,0.317
TRX0000178,0,0.581
TRX0000758,0,0.404
TRX0000277,0,0.014
TRX0001051,0,0.129
TRX0001079,0,0.006
TRX0001147,0,0.142
TRX0000693,0,0.473
TRX0002487,0,0.169
TRX0001778,0,0.713
TRX0000061,0,0.409
TRX0000457,0,0.829
TRX0001667,0,0.728
TRX0001452,0,0.424
TRX0002012,0,0.76
TRX0002858,0,0.486
TRX0002040,1,0.941
TRX0002682,0,0.341
TRX0002693,0,0.977
TRX0001419,0,0.428
TRX0001519,0,0.805
TRX0000296,0,0.76
TRX0000079,0,0.514
TRX0000295,0,0.555
TRX0000778,0,0.727
TRX0000910,0,0.981
TRX0002392,0,0.09
TRX0001860,0,0.509
TRX0000842,0,0.295
TRX0001297,0,0.594
TRX0000688,0,0.824
TRX0002619,0,0.337
TRX0002702,0,0.683
TRX0001993,0,0.145
TRX0002144,0,0.782
TRX0002156,0,0.793
TRX0002198,0,0.774
TRX0000275,0,0.246
TRX0002831,0,0.443
TRX0002589,0,0.373
TRX0000384,0,0.904
TRX0002373,0,0.291
TRX0002164,0,0.171
TRX0001765,0,0.522
TRX0001599,0,0.643
TRX0000026,0,0.135
TRX0001093,0,0.229
TRX0001361,0,0.01
TRX0002844,0,0.289
TRX0003000,0,0.376
TRX0000404,0,0.163
TRX0000485,0,0.871
TRX0002106,0,0.074
TRX0000580,0,0.145
TRX0002403,0,0.136
TRX0002483,0,0.447
TRX0002460,0,0.143
TRX0000607,0,0.039
TRX0000685,0,0.559
TRX0000713,0,0.647
TRX0002786,0,0.691
TRX0001489,0,0.279
TRX0002224,0,0.883
TRX0001902,0,0.436
TRX0002177,0,0.723
TRX0000108,0,0.759
TRX0000350,0,0.667
TRX0000807,0,0.113
TRX0001554,0,0.346
TRX0000497,0,0.856
TRX0000847,0,0.572
TRX0000435,0,0.131
TRX0002728,0,0.496
TRX0000714,0,0.537
TRX0002900,0,0.166
TRX0001387,0,0.801
TRX0001724,0,0.812
TRX0001302,0,0.061
TRX0000553,0,0.737
TRX0001439,0,0.612
TRX0002865,0,0.207
TRX0000773,0,0.722
TRX0000666,0,0.01
TRX0002323,0,0.117
TRX0002404,0,0.626
TRX0000815,0,0.753
TRX0000375,0,0.206
TRX0000392,0,0.068
TRX0000596,0,0.301
TRX0001355,0,0.31
TRX0002035,0,0.702
TRX0002168,0,0.554
TRX0001240,1,0.751
TRX0001468,0,0.626
TRX0000567,0,0.559
TRX0002443,0,0.997
TRX0001472,0,0.208
TRX0000398,0,0.17
TRX0001615,0,0.705
TRX0001131,0,0.407
TRX0001345,0,0.481
TRX0000120,0,0.824
TRX0001481,0,0.916
TRX0002356,0,0.384
TRX0000558,0,0.782
TRX0001219,0,0.755
TRX0001980,0,0.191
TRX0000649,1,0.528
TRX0000626,0,0.118
TRX0000452,0,0.805
TRX0000271,0,0.316
TRX0000064,1,0.05
TRX0001361,0,0.644
TRX0002222,0,0.079
TRX0000782,0,0.879
TRX0002081,0,0.582
TRX0002225,0,0.062
TRX0000599,0,0.606
TRX0000463,0,0.927
TRX0002611,0,0.441
TRX0002373,0,0.982
TRX0002689,0,0.204
TRX0002990,0,0.501
TRX0000046,0,0.843
TRX0002928,0,0.68
TRX0001271,0,0.754
TRX0001523,0,0.59
TRX0001286,1,0.689
TRX0000733,0,0.813
TRX0002254,0,0.244
TRX0001405,0,0.981
TRX0002650,0,0.841
TRX0001609,0,0.853
TRX0001705,0,0.586
TRX0001322,0,0.053
TRX0002358,0,0.505
TRX0002526,0,0.442
TRX0002504,0,0.195
TRX0002107,0,0.922
TRX0001859,0,0.457
TRX0001453,0,0.239
TRX0001211,0,0.638
TRX0000524,0,0.911
TRX0000870,0,0.577
TRX0002778,0,0.631
TRX0002767,0,0.535
TRX0000149,0,0.19
TRX0002840,0,0.867
TRX0002798,0,0.957
TRX0000967,0,0.829
TRX0000892,0,0.827
TRX0000215,0,0.324
TRX0001794,0,0.451
TRX0002301,1,0.478
TRX0000950,0,0.039
TRX0002373,0,0.966
TRX0001526,0,0.938
TRX0000880,0,0.458
TRX0000441,0,0.472
TRX0001442,0,0.518
TRX0000348,1,0.512
TRX0001755,0,0.04
TRX0002473,0,0.241
TRX0002457,0,0.901
TRX0002477,0,0.064
TRX0000186,0,0.153
TRX0000008,0,0.84
TRX0000689,0,0.942
TRX0001466,0,0.819
TRX0001075,0,0.828
TRX0002351,0,0.604
TRX0000720,0,0.062
TRX0002647,0,0.418
TRX0002371,0,0.072
TRX0002327,0,0.046
TRX0000129,0,0.621
TRX0001948,0,0.986
TRX0000973,0,0.934
TRX0000375,0,0.781
TRX0000302,0,0.082
TRX0001986,0,0.353
TRX0001624,0,0.108
TRX0002539,0,0.782
TRX0000890,0,0.102
TRX0002661,0,0.839
TRX0000786,0,0.308
TRX0001800,0,0.088
TRX0001110,0,0.075
TRX0002012,0,0.065
TRX0002370,0,0.566
TRX0002034,1,0.75
TRX0002281,0,0.341
TRX0001809,0,0.94
TRX0000745,0,0.281
TRX0000740,0,0.769
TRX0000773,0,0.832
TRX0000128,0,0.108
TRX0002208,0,0.77
TRX0002314,0,0.419
TRX0000135,0,0.437
TRX0002475,0,0.49
TRX0000951,0,0.382
TRX0001772,0,0.807
TRX0000884,0,0.851
TRX0000266,0,0.082
TRX0002592,0,0.895
TRX0001051,0,0.862
TRX0000653,0,0.796
TRX0002060,0,0.39
TRX0001148,0,0.887
TRX0000707,0,0.913
TRX0000179,0,0.463
TRX0001059,0,0.712
TRX0001751,0,0.854
TRX0001196,0,0.563
TRX0002583,0,0.746
TRX0001847,0,0.666
TRX0002147,0,0.383
TRX0002984,0,0.13
TRX0000782,0,0.053
TRX0000537,0,0.618
TRX0002855,0,0.494
TRX0000863,0,0.821
TRX0001196,0,0.07
TRX0002625,0,0.473
TRX0001190,0,0.596
TRX0001556,0,0.537
TRX0002650,1,0.765
TRX0002715,0,0.038
TRX0001803,0,0.077
TRX0001524,0,0.803
TRX0000802,0,0.754
TRX0000676,0,0.894
TRX0002640,1,0.913
TRX0002443,0,0.68
TRX0001594,0,0.51
TRX0002962,0,0.613
TRX0000269,0,0.623
TRX0002996,0,0.016
TRX0001056,0,0.429
TRX0001828,1,0.83
TRX0000081,0,0.138
TRX0002490,1,0.692
TRX0001674,0,0.054
TRX0000783,0,0.411
TRX0002612,0,0.38
TRX0000885,1,0.755
TRX0001346,0,0.11
TRX0002173,0,0.236
TRX0000074,0,0.283
TRX0001885,0,0.294
TRX0000124,0,0.173
TRX0000953,0,0.52
TRX0002383,0,0.453
TRX0001914,0,0.623
TRX0002525,0,0.575
TRX0000014,0,0.923
TRX0001721,0,0.835
TRX0000062,0,0.881
TRX0001040,0,0.558
TRX0000639,0,0.364
TRX0002364,0,0.8
TRX0002406,0,0.976
TRX0001612,0,0.071
TRX0001913,0,0.833
TRX0002689,0,0.711
TRX0001919,0,0.44
TRX0002449,0,0.673
TRX0000580,0,0.982
TRX0002222,0,0.242
TRX0002280,0,0.785
TRX0002621,0,0.238
TRX0001022,0,0.206
TRX0000788,0,0.442
TRX0002483,0,0.586
TRX0002079,0,0.811
TRX0001286,0,0.264
TRX0000916,0,0.749
TRX0001506,0,0.705
TRX0001971,1,0.024
TRX0000125,0,0.342
TRX0002833,0,0.285
TRX0002076,0,0.836
TRX0001833,0,0.946
TRX0002742,0,0.766
TRX0002925,0,0.817
TRX0000395,0,0.898
TRX0000081,0,0.204
TRX0001670,0,0.467
TRX0002312,0,0.978
TRX0002956,0,0.494
TRX0001725,0,0.411
TRX0001100,0,0.489
TRX0000100,0,0.559
TRX0001327,0,0.686
TRX0001456,0,0.017
TRX0000232,0,0.115
TRX0001959,1,0.465
TRX0001913,0,0.093
TRX0002187,0,0.743
TRX0000405,0,0.663
TRX0000055,0,0.452
TRX0000730,0,0.454
TRX0000673,0,0.816
TRX0002318,0,0.317
TRX0002017,0,0.329
TRX0000246,0,0.616
TRX0002253,0,0.657
TRX0002447,0,0.65
TRX0000046,0,0.809
TRX0002854,0,0.774
TRX0001578,0,0.112
TRX0002306,0,0.641
TRX0002508,0,0.028
TRX0002056,0,0.57
TRX0002326,0,0.039
TRX0000468,0,0.23
TRX0001544,0,0.254
TRX0002183,0,0.22
TRX0000931,0,0.856
TRX0000876,0,0.372
TRX0002408,0,0.863
TRX0002192,1,0.398
TRX0001734,0,0.077
TRX0001540,0,0.072
TRX0002088,0,0.628
TRX0002464,0,0.195
TRX0002969,0,0.411
TRX0002218,0,0.358
TRX0000516,0,0.539
TRX0001061,0,0.014
TRX0000212,0,0.365
TRX0002326,0,0.055
TRX0000289,0,0.185
TRX0000582,0,0.416
TRX0002195,0,0.285
TRX0001441,0,0.843
TRX0000156,0,0.339
TRX0000913,0,0.861
TRX0002468,0,0.127
TRX0001351,0,0.41
TRX0000613,0,0.14
TRX0002227,0,0.066
TRX0000166,0,0.613
TRX0002585,0,0.184
TRX0000675,0,0.732
TRX0000987,0,0.697
TRX0002605,0,0.209
TRX0001726,0,0.807
TRX0002645,0,0.933
TRX0001492,0,0.047
TRX0000005,0,0.34
TRX0002953,0,0.982
TRX0000257,0,0.17
TRX0000010,1,0.337
TRX0001317,0,0.101
TRX0002389,0,0.274
TRX0000970,0,0.33
TRX0000434,0,0.257
TRX0001499,0,0.01
TRX0001701,0,0.528
TRX0001218,0,0.994
TRX0001033,0,0.064
TRX0000483,0,0.132
TRX0002164,0,0.352
TRX0000624,0,0.622
TRX0000176,0,0.377
TRX0001918,0,0.714
TRX0002190,0,0.283
TRX0002130,0,0.304
TRX0000224,0,0.015
TRX0001985,0,0.083
TRX0002611,0,0.661
TRX0001940,0,0.215
TRX0002430,0,0.957
TRX0000687,0,0.269
TRX0001911,0,0.217
TRX0002834,0,0.164
TRX0001097,0,0.761
TRX0002761,0,0.833
TRX0002820,0,0.63
TRX0001394,0,0.59
TRX0000788,1,0.866
TRX0002826,0,0.202
TRX0002130,0,0.202
TRX0002402,0,0.463
TRX0002685,0,0.831
TRX0000871,0,0.85
TRX0000580,0,0.855
TRX0002200,0,0.382
TRX0001640,0,0.213
TRX0000933,0,0.125
TRX0001217,0,0.798
TRX0000608,0,0.646
TRX0000291,0,0.312
TRX0000182,0,0.274
TRX0002325,0,0.334
TRX0001078,0,0.075
TRX0000398,0,0.268
TRX0000471,0,0.911
TRX0002069,0,0.24
TRX0002438,0,0.402
TRX0002250,0,0.199
TRX0001518,0,0.199
TRX0002946,0,0.969
TRX0001396,0,0.224
TRX0001025,0,0.711
TRX0000845,0,0.568
TRX0000333,0,0.252
TRX0001544,0,0.359
TRX0000345,0,0.875
TRX0001611,1,0.286
TRX0002884,0,0.618
TRX0001640,0,0.992
TRX0000610,0,0.906
TRX0002465,0,0.815
TRX0000142,0,0.538
TRX0002167,0,0.973
TRX0002767,0,0.023
TRX0001954,0,0.786
TRX0000195,0,0.081
TRX0001022,0,0.119
TRX0000654,0,0.365
TRX0000614,0,0.809
TRX0001603,0,0.744
TRX0001240,0,0.012
TRX0002871,0,0.61
TRX0001130,0,0.23
TRX0002121,0,0.267
TRX0000396,0,0.983
TRX0002863,0,0.183
TRX0000157,0,0.898
TRX0001316,0,0.189
TRX0001275,0,0.189
TRX0000479,0,0.457
TRX0000087,0,0.524
TRX0002665,0,0.739
TRX0001869,0,0.418
TRX0001549,0,0.075
TRX0002941,0,0.318
TRX0001329,0,0.958
TRX0000164,0,0.653
TRX0002453,0,0.381
TRX0000863,0,0.141
TRX0001614,0,0.618
TRX0002867,1,0.912
TRX0001286,0,0.529
TRX0001227,0,0.761
TRX0001648,0,0.435
TRX0000565,0,0.775
TRX0002838,0,0.852
TRX0001048,0,0.622
